Country Code,2002,2003,2004,2005,2006,2007,2008,2009,2010,2011,2012,2013,2014,2015,2016,2017,2018,2019,2020,2021,2022
ABW,3.32,3.66,2.53,3.4,3.61,5.39,8.96,-2.14,2.08,4.32,0.63,-2.37,0.42,0.48,-0.89,-0.47,3.58,4.26,1.22,0.74,6.04
AGO,108.89,98.22,43.53,22.96,13.31,12.25,12.47,13.72,14.48,13.48,10.28,8.78,7.3,9.16,32.38,29.84,19.63,17.08,21.02,23.85,21.35
ALB,5.18,2.38,2.83,2.36,2.41,2.91,3.41,2.29,3.57,3.41,2.03,1.93,1.62,1.91,1.29,1.99,2.03,1.41,1.62,2.04,6.73
ARE,2.92,3.12,5.04,6.2,9.28,11.13,12.27,1.57,0.88,0.88,0.66,1.09,2.34,4.07,1.62,1.97,3.06,-1.93,-2.08,0.18,5.22
ARG,25.87,13.44,4.42,9.64,10.9,8.83,8.59,6.27,10.46,9.77,10.04,10.62,38.08,26.54,39.4,25.68,34.28,53.55,42.02,48.41,72.43
ARM,1.79,4.54,5.93,0.72,3.43,4.55,9.02,3.54,7.27,7.65,2.54,5.79,2.98,3.73,-1.41,1.03,2.52,1.44,1.21,7.18,8.78
ATG,2.41,1.99,2.03,2.1,1.79,1.42,5.33,-0.55,3.37,3.46,3.38,1.06,1.09,0.97,-0.49,2.43,1.21,1.48,1.06,1.63,8.52
AUS,2.98,2.73,2.34,2.69,3.56,2.33,4.35,1.77,2.92,3.3,1.76,2.45,2.49,1.51,1.28,1.97,1.91,1.61,0.85,2.82,6.5
AUT,1.81,1.36,2.06,2.3,1.44,2.17,3.22,0.51,1.81,3.29,2.49,2.0,1.61,0.9,0.89,2.23,2.0,1.49,1.38,2.77,8.5
AZE,2.78,2.13,6.71,9.54,8.23,16.57,20.8,1.33,5.69,7.77,1.01,2.43,1.43,4.03,12.44,12.84,2.33,2.71,2.76,6.65,13.85
BDI,-1.37,10.65,8.18,13.25,2.75,8.41,24.41,10.56,6.49,9.59,18.16,7.94,4.41,5.54,5.56,16.64,-2.81,-0.71,7.32,8.31,17.34
BEL,1.65,1.59,2.1,2.78,1.79,1.82,4.49,-0.05,2.19,3.53,2.84,1.11,0.34,0.56,1.97,2.22,2.05,1.25,0.74,2.44,9.6
BEN,2.42,1.51,0.88,5.36,3.79,1.29,7.94,0.4,2.18,2.72,6.74,0.89,-1.01,0.27,-0.85,1.77,0.83,-0.93,3.02,5.92,1.31
BFA,2.3,2.04,-0.4,6.41,2.34,-0.23,10.67,0.86,-0.61,2.76,3.82,0.53,-0.26,0.95,-0.24,0.35,1.96,-3.23,1.88,3.85,14.29
BGD,3.72,5.36,6.1,7.04,6.77,9.11,8.9,5.44,8.15,10.26,6.55,7.52,6.98,6.19,5.51,5.61,5.55,5.47,5.69,5.31,7.7
BGR,5.86,2.39,6.14,5.03,7.26,8.42,12.35,2.75,2.44,4.22,2.95,0.89,-1.41,-0.1,-0.8,1.19,2.81,2.46,1.67,2.79,15.33
BHR,-0.5,1.68,2.25,2.62,2.04,3.25,3.52,2.8,1.96,-0.37,2.77,3.3,2.65,1.84,2.8,1.39,2.08,1.0,-2.32,-0.61,3.61
BHS,1.5,3.66,1.16,1.82,1.96,2.41,4.43,1.67,1.62,3.2,1.97,0.72,1.51,1.87,-0.35,1.55,2.23,1.34,0.04,2.91,5.66
BIH,0.31,0.55,0.28,3.58,6.08,1.55,7.4,-0.39,2.21,3.66,2.06,-0.09,-0.92,-1.01,-1.06,0.81,1.27,0.62,-1.05,1.98,13.66
BLR,42.65,28.49,18.24,10.37,6.96,8.29,14.73,12.83,7.66,53.17,59.5,18.33,18.09,13.48,11.8,6.03,4.87,5.6,5.55,9.46,15.21
BLZ,2.2,2.62,3.07,3.65,4.24,2.32,6.39,-1.1,0.92,1.7,1.3,0.51,1.2,-0.85,0.66,1.15,0.24,0.19,0.12,3.26,6.18
BOL,0.93,3.34,4.44,5.4,2.33,8.71,14.01,3.34,2.5,9.88,4.51,5.74,5.76,4.06,3.63,2.82,2.27,1.84,0.94,0.74,1.75
BRA,8.45,14.71,6.6,6.87,4.18,3.64,5.68,4.89,5.04,6.64,5.4,6.2,6.33,9.03,8.74,3.45,3.66,3.73,3.21,8.3,9.3
BRB,0.17,1.58,1.43,6.07,7.31,4.03,8.11,3.64,5.82,9.43,4.53,1.81,1.77,-1.11,1.28,4.41,3.69,4.1,2.88,3.06,9.9
BRN,-2.29,0.3,0.9,1.09,0.15,0.97,2.09,1.04,0.22,0.14,0.11,0.39,-0.21,-0.42,-0.74,-0.17,0.15,-0.42,1.94,1.74,3.81
BTN,2.94,2.47,3.35,4.77,5.15,5.08,6.78,6.26,5.73,7.28,9.27,11.32,8.27,4.55,4.31,5.53,2.72,2.6,5.63,7.33,12.62
BWA,8.04,9.18,6.94,8.68,11.55,7.06,12.64,8.13,6.92,8.46,7.55,5.87,4.41,3.07,2.78,3.3,3.22,2.85,1.89,7.24,11.59
CAF,2.3,4.35,-2.24,2.88,6.69,0.94,9.26,3.52,1.49,1.2,5.87,6.55,11.6,4.5,4.01,4.46,1.61,2.68,2.3,4.26,6.53
CYM,2.49,0.55,4.47,7.29,0.75,2.92,4.08,-1.47,0.27,1.31,1.2,2.17,1.25,-2.38,-0.59,2.0,3.3,5.7,1.0,0.76,8.2
CAN,2.26,2.76,1.86,2.21,2.0,2.14,2.37,0.3,1.78,2.91,1.52,0.94,1.91,1.13,1.43,1.6,2.27,1.95,0.72,3.4,6.8
CHE,0.64,0.64,0.8,1.17,1.06,0.73,2.43,-0.48,0.69,0.23,-0.69,-0.22,-0.01,-1.14,-0.43,0.53,0.94,0.36,-0.73,0.58,2.8
CHL,2.49,2.81,1.05,3.05,3.39,4.41,8.72,0.35,1.41,3.34,3.01,1.93,4.39,4.35,3.79,2.18,2.44,2.25,3.05,4.52,11.6
CHN,-0.73,1.13,3.82,1.78,1.65,4.82,5.93,-0.73,3.18,5.55,2.62,2.62,1.92,1.44,2.0,1.56,2.07,2.9,2.42,0.9,1.97
CIV,3.09,3.32,1.44,3.88,2.47,1.9,6.31,0.82,1.44,4.91,1.3,2.58,0.47,1.25,0.71,0.69,0.43,0.81,2.43,4.09,5.28
CMR,2.82,0.63,0.25,1.99,4.91,1.13,5.34,3.04,1.28,2.94,2.38,2.06,1.84,2.69,0.87,0.64,1.07,2.45,2.44,2.27,5.11
COD,25.32,12.82,4.0,21.55,12.85,16.67,17.97,46.1,23.46,14.95,0.86,0.88,1.24,0.96,18.2,35.79,29.27,4.7,11.5,8.99,8.44
COG,2.98,1.69,3.67,2.47,3.71,2.6,6.02,4.34,0.39,1.76,5.01,4.63,0.91,3.17,3.19,0.45,1.15,2.21,2.49,1.97,3.5
COL,6.35,7.13,5.9,5.05,4.29,5.55,7.0,4.2,2.27,3.42,3.17,2.02,2.9,4.99,7.51,4.31,3.24,3.52,2.52,3.5,10.2
COM,3.58,3.71,4.5,3.01,3.39,4.49,4.82,4.79,3.9,2.23,5.91,1.57,1.35,2.0,1.8,0.09,1.75,3.7,3.0,-0.18,11.44
CPV,1.92,1.19,-1.89,0.43,4.84,4.39,6.79,0.99,2.08,4.47,2.54,1.51,-0.24,0.13,-1.41,0.78,1.25,1.11,0.61,1.86,6.5
CRI,9.17,9.45,12.31,13.8,11.47,9.36,13.42,7.84,5.66,4.88,4.5,5.23,4.52,0.8,-0.02,1.63,2.22,2.1,0.72,1.73,8.28
CYP,2.8,4.14,2.28,2.56,2.5,2.38,4.68,0.34,2.43,3.29,2.38,-0.4,-1.36,-2.1,-1.43,0.68,1.43,0.56,-0.64,0.49,8.4
CZE,1.9,0.12,2.76,1.86,2.53,2.85,6.36,1.02,1.47,1.92,3.29,1.44,0.34,0.31,0.68,2.45,2.15,2.86,3.16,3.84,15.1
DEU,1.42,1.03,1.67,1.55,1.58,2.3,2.63,0.31,1.1,2.08,2.01,1.5,0.91,0.51,0.49,1.71,1.73,1.35,0.51,3.14,7.9
DJI,0.63,1.97,3.12,3.11,3.47,4.97,11.96,1.67,3.95,5.07,3.74,2.4,2.94,2.1,2.7,0.57,0.15,3.32,2.88,1.18,6.59
DMA,0.17,1.45,2.39,1.68,2.59,3.24,6.36,0.01,2.81,1.06,1.36,-0.05,0.81,-0.79,0.03,0.3,0.99,1.61,-0.3,1.57,5.28
DNK,2.42,2.08,1.15,1.82,1.92,1.69,3.42,1.3,2.31,2.76,2.4,0.79,0.56,0.45,0.25,1.06,0.81,0.73,0.42,1.85,7.7
DOM,5.24,27.46,51.3,4.15,7.56,6.17,10.67,1.48,6.34,8.45,3.68,4.82,3.01,0.85,1.63,3.28,3.56,1.81,3.78,8.24,8.81
DZA,1.43,4.26,3.97,1.38,2.31,3.93,4.38,9.36,4.21,5.74,9.7,4.1,3.88,4.39,5.8,5.59,3.51,1.95,2.42,7.23,9.96
ECU,12.42,7.91,2.75,2.2,3.32,2.29,8.4,5.16,3.55,4.47,5.1,2.72,3.59,3.97,1.73,0.42,-0.22,0.27,-0.34,0.13,3.47
EGY,2.74,4.47,11.28,4.85,7.61,9.48,18.32,11.88,11.06,10.08,7.12,9.47,10.06,10.35,13.81,23.54,14.4,13.88,5.7,5.21,13.89
ERI,16.88,22.67,25.11,12.51,15.06,9.31,19.92,33.04,11.23,3.9,6.02,6.45,10.04,9.0,9.0,-13.31,-14.4,-16.36,4.91,6.64,7.35
ESP,3.07,3.04,3.04,3.37,3.52,2.79,4.08,-0.29,1.8,3.2,2.45,1.41,-0.15,-0.5,-0.2,1.96,1.68,0.7,-0.32,3.09,8.4
EST,3.57,1.33,3.05,4.08,4.44,6.6,10.36,-0.08,2.97,4.98,3.93,2.78,-0.11,-0.49,0.15,3.65,3.44,2.27,-0.44,4.65,19.4
ETH,1.65,17.76,3.22,11.66,13.56,17.25,44.37,8.48,8.13,33.23,24.13,8.15,7.41,10.08,7.28,10.69,13.84,15.81,20.35,26.84,33.89
FIN,1.57,0.88,0.19,0.62,1.57,2.51,4.07,0.0,1.18,3.42,2.81,1.48,1.04,-0.21,0.36,0.84,1.08,1.14,0.29,2.19,7.1
FJI,0.72,4.22,2.83,2.3,2.53,4.81,7.73,3.65,3.69,7.28,3.42,2.91,0.53,1.38,3.87,3.35,4.08,1.77,-2.6,0.16,4.52
FRA,1.92,2.1,2.14,1.75,1.68,1.49,2.81,0.09,1.53,2.11,1.95,0.86,0.51,0.04,0.18,1.16,1.85,1.3,0.48,1.64,5.2
FSM,-0.16,-0.24,1.75,4.08,4.4,3.64,6.55,7.71,3.7,4.06,6.28,2.15,0.68,-0.16,-1.04,0.1,1.5,1.86,0.48,2.09,5.79
GAB,0.16,2.11,0.41,1.17,-1.41,-1.02,5.26,1.88,1.45,1.26,2.68,0.48,4.51,-0.14,2.09,2.65,4.78,2.02,1.37,1.08,4.23
GBR,1.47,1.32,1.43,2.06,2.52,2.33,3.48,1.97,2.5,3.88,2.56,2.29,1.43,0.4,1.0,2.68,2.32,1.79,0.99,2.5,7.9
GEO,5.59,4.84,5.6,8.24,9.22,9.23,10.0,1.72,7.11,8.52,-0.91,-0.51,3.07,4.03,2.12,6.04,2.62,4.85,5.2,9.57,11.9
GHA,14.85,26.63,12.67,15.1,11.68,10.73,16.5,13.14,6.7,7.68,7.07,11.67,15.49,17.15,17.44,12.37,9.84,7.18,9.95,9.97,31.92
GIN,2.96,11.04,17.46,31.36,34.7,22.86,18.37,4.68,15.47,21.35,15.23,11.89,9.71,8.15,8.17,8.91,9.83,9.47,10.6,12.6,12.72
GMB,8.61,17.03,14.29,4.96,2.06,5.37,4.45,4.55,5.05,4.8,4.64,5.24,6.26,6.81,7.22,8.05,6.52,7.12,5.93,7.37,11.31
GNB,3.3,-3.47,0.82,3.36,1.95,4.63,10.44,-1.64,1.07,5.05,2.06,0.78,-1.03,1.48,1.5,1.06,1.44,0.25,1.46,3.27,5.52
GNQ,7.58,7.32,4.24,5.64,4.47,2.8,4.65,5.74,5.32,4.8,3.44,3.18,4.3,1.7,1.4,0.75,1.08,1.21,4.77,-0.09,5.14
GRC,3.63,3.53,2.9,3.55,3.2,2.89,4.15,1.21,4.71,3.33,1.5,-0.92,-1.31,-1.74,-0.83,1.14,0.63,0.52,-1.25,1.22,9.6
GRD,1.07,2.15,2.31,3.48,4.25,3.86,8.03,-0.31,3.44,3.03,2.41,-0.04,-0.98,-0.58,1.72,0.91,0.81,0.6,-0.74,1.22,1.22
GTM,8.13,5.6,7.57,9.1,6.56,6.83,11.36,1.87,3.86,6.21,3.78,4.34,3.42,2.39,4.45,4.43,3.75,3.7,3.21,4.26,6.89
GUY,5.36,5.98,4.67,6.93,6.68,12.2,8.1,2.95,4.3,4.41,2.39,1.91,0.68,-0.87,0.83,1.94,1.27,2.09,0.72,3.32,7.59
HKG,-3.05,-2.6,-0.35,0.92,2.01,2.03,4.3,0.58,2.31,5.28,4.06,4.32,4.44,3.0,2.42,1.48,2.41,2.87,0.33,1.57,1.88
HND,7.71,7.66,8.11,8.8,5.58,6.95,11.39,5.5,4.71,6.76,5.2,5.15,6.13,3.16,2.72,3.93,4.34,4.36,3.47,4.48,9.09
HRV,1.67,1.77,2.05,3.32,3.18,2.9,6.08,2.37,1.03,2.26,3.41,2.22,-0.21,-0.46,-1.12,1.13,1.5,0.77,0.28,2.55,10.78
HTI,9.35,26.73,28.32,16.76,14.21,8.96,14.38,3.43,4.14,7.39,6.78,6.78,3.94,7.52,13.38,14.74,12.89,17.31,22.8,15.94,26.82
HUN,5.27,4.66,6.74,3.56,3.93,7.96,6.04,4.21,4.86,3.93,5.65,1.73,-0.23,-0.06,0.39,2.41,2.85,3.37,3.33,5.11,14.6
IDN,11.9,6.76,6.06,10.45,13.11,6.41,10.23,4.39,5.13,5.36,4.28,6.41,6.39,6.36,3.53,3.81,3.2,2.82,1.92,1.56,4.21
IND,4.3,3.81,3.77,4.25,5.8,6.37,8.35,10.88,11.99,8.86,9.31,10.91,6.35,5.87,4.94,3.6,4.86,4.76,6.62,4.89,6.69
IRL,4.61,3.49,2.2,2.43,3.93,4.9,4.06,-4.48,-0.92,2.56,1.7,0.51,0.18,-0.29,0.01,0.25,0.49,0.88,-0.33,2.36,7.8
IRN,15.83,15.57,15.32,10.25,12.0,18.41,25.3,10.82,12.3,21.53,30.57,36.58,16.61,12.47,7.26,9.64,17.95,41.02,36.5,43.39,42.44
IRQ,19.3,33.6,27.0,36.96,53.25,30.82,2.67,-2.19,2.44,5.6,6.09,1.88,2.24,1.39,0.52,0.1,0.63,-0.2,0.57,6.04,5.14
ISL,5.2,2.06,3.16,3.99,6.69,5.05,12.69,12.0,5.4,4.0,5.19,3.87,2.04,1.63,1.7,1.76,2.68,3.01,2.85,4.44,8.3
ISR,5.74,0.72,-0.41,1.31,2.12,0.47,4.59,3.33,2.71,3.47,1.68,1.57,0.49,-0.63,-0.54,0.24,0.81,0.84,-0.59,1.49,4.4
ITA,2.47,2.67,2.21,1.99,2.09,1.83,3.35,0.77,1.53,2.78,3.04,1.22,0.24,0.04,-0.09,1.33,1.14,0.63,-0.14,1.87,8.2
JAM,7.06,10.13,13.53,15.1,8.52,9.29,22.01,9.58,12.59,7.53,6.88,9.35,8.3,3.68,2.35,4.38,3.73,3.91,5.23,5.86,10.35
JOR,1.84,2.35,2.63,3.45,6.23,4.71,13.97,-0.73,4.86,4.18,4.52,4.83,2.91,-0.87,-0.78,3.32,4.46,0.68,0.33,1.35,4.23
JPN,-0.92,-0.26,-0.01,-0.28,0.25,0.06,1.38,-1.35,-0.72,-0.27,-0.05,0.35,2.76,0.79,-0.12,0.47,0.98,0.48,-0.02,-0.23,2.5
KAZ,6.04,6.44,6.89,7.46,8.61,10.78,17.17,7.31,7.08,8.36,5.17,5.8,6.6,6.72,14.59,7.43,6.02,5.24,6.75,8.0,14.99
KEN,1.99,9.82,11.81,9.91,6.03,4.25,15.1,10.52,4.08,14.03,9.37,5.73,6.88,6.59,6.33,7.99,4.69,5.2,5.4,6.11,7.66
KGZ,2.13,2.97,4.1,4.37,5.52,10.3,24.5,6.79,7.97,16.64,2.78,6.62,7.53,6.48,0.39,3.18,1.54,1.14,6.33,11.91,13.92
KHM,-0.04,1.03,3.92,6.35,6.14,7.67,25.0,-0.66,4.0,5.26,3.15,2.94,3.86,1.22,3.02,2.91,2.39,2.01,2.94,2.92,6.07
KIR,3.18,1.63,-0.74,-0.35,-1.0,3.59,13.66,9.82,-3.9,1.5,-3.05,-1.49,2.1,0.57,1.92,0.36,0.59,-1.88,2.48,3.0,5.6
KNA,2.08,2.27,2.25,3.37,8.49,4.48,5.3,2.06,0.85,5.84,0.82,1.11,0.25,-2.3,-0.34,0.0,-0.23,-0.18,-0.59,0.2,3.78
KOR,2.76,3.51,3.59,2.75,2.24,2.53,4.67,2.76,2.94,4.03,2.19,1.3,1.27,0.71,0.97,1.94,1.48,0.38,0.54,2.5,5.09
KWT,0.8,0.99,1.26,4.12,3.09,5.47,6.3,4.61,4.5,4.91,3.2,2.7,2.88,3.27,2.96,1.51,0.57,1.1,1.0,3.42,3.98
LAO,10.61,15.5,10.49,7.17,6.56,4.66,7.62,0.15,5.98,7.57,4.25,6.36,4.12,1.28,1.6,0.66,2.03,3.32,5.13,3.76,22.96
LBN,1.76,1.27,1.67,-0.72,5.57,4.06,10.76,1.22,3.97,4.99,6.55,5.57,1.12,-3.75,-0.82,4.48,6.07,2.89,84.86,154.76,171.2
LBR,14.16,10.33,3.56,6.95,9.51,11.39,17.49,7.43,7.29,8.49,6.83,7.58,9.86,7.74,8.84,12.44,23.56,26.97,11.89,7.82,6.91
LBY,-9.86,-2.06,1.25,2.66,1.47,6.21,10.4,2.45,2.46,15.9,6.07,2.59,2.43,9.84,25.88,28.47,-1.2,4.56,22.26,2.77,5.52
LCA,-0.26,1.03,1.46,3.91,3.56,2.82,5.55,-0.16,3.25,2.77,4.18,1.47,3.52,-0.99,-3.09,0.11,1.99,0.54,0.34,2.38,6.4
LKA,9.55,8.97,9.01,10.98,10.02,15.84,9.64,3.43,6.25,6.72,7.54,6.9,2.84,3.75,3.97,6.58,2.14,4.3,6.15,7.01,50.43
LSO,12.21,6.34,4.64,3.64,6.34,9.18,10.69,5.83,3.31,6.01,5.47,5.0,4.57,4.3,6.21,4.46,4.01,5.19,4.98,6.05,8.31
LTU,0.28,-1.13,1.16,2.66,3.74,5.74,10.93,4.45,1.32,4.13,3.09,1.05,0.1,-0.88,0.91,3.72,2.7,2.24,1.2,4.68,19.7
LUX,2.07,2.05,2.23,2.49,2.67,2.31,3.4,0.37,2.27,3.41,2.66,1.73,0.63,0.47,0.29,2.11,1.53,1.65,0.82,2.53,6.3
LVA,1.94,2.94,6.19,6.75,6.54,10.09,15.4,3.53,-1.08,4.37,2.26,-0.03,0.62,0.17,0.14,2.89,2.53,2.75,0.22,3.28,17.3
MAC,-2.64,-1.56,0.98,4.4,5.16,5.57,8.61,1.17,2.81,5.8,6.1,5.5,6.05,4.56,2.37,1.23,3.0,2.75,0.81,0.03,1.05
MAR,2.78,1.16,1.49,0.98,3.29,2.04,3.89,0.97,1.0,0.9,1.29,1.9,0.42,1.57,1.65,0.75,1.79,0.24,0.71,1.4,6.66
MDA,5.22,11.67,12.43,11.85,12.71,12.38,12.7,0.01,7.36,7.65,4.56,4.57,5.06,9.63,6.38,6.58,3.05,4.85,3.77,5.11,28.74
MDG,16.5,-1.7,13.96,18.36,10.77,10.29,9.3,8.95,9.25,9.48,5.71,5.83,6.08,7.4,6.66,8.28,7.29,5.62,4.2,5.82,9.8
MDV,0.93,-2.8,6.34,2.46,3.5,6.8,12.03,4.55,6.16,11.26,10.89,3.8,2.12,1.89,0.8,2.27,1.37,1.31,-1.37,0.54,2.18
MEX,5.03,4.55,4.69,3.99,3.63,3.97,5.12,5.3,4.16,3.41,4.11,3.81,4.02,2.72,2.82,6.04,4.9,3.63,3.4,5.69,7.9
MKD,1.07,0.87,-0.45,0.53,3.2,2.26,8.32,-0.74,1.5,3.89,3.31,2.79,-0.27,-0.29,-0.23,1.35,1.46,0.77,1.2,3.23,14.2
MLI,4.87,-1.16,-3.11,6.41,1.52,1.46,9.12,2.22,1.29,3.05,5.32,-0.6,0.89,1.44,-1.8,1.76,1.73,-2.89,0.44,3.93,9.99
MLT,2.61,1.93,2.79,3.0,2.77,1.25,4.26,2.09,1.52,2.72,2.42,1.38,0.31,1.1,0.64,1.26,1.16,1.52,0.64,1.5,6.15
MMR,58.1,24.95,3.76,10.74,26.33,30.93,11.54,2.25,8.22,2.77,2.83,5.72,5.11,10.04,6.76,4.62,6.0,8.63,6.11,5.03,16.75
MNE,19.7,7.5,3.1,3.45,2.12,3.37,9.0,3.55,0.38,3.44,4.15,2.21,-0.7,1.56,-0.27,2.37,2.6,0.37,-0.26,2.41,13.05
MNG,1.05,5.05,8.23,12.65,4.41,8.19,26.74,6.4,10.34,7.74,14.29,9.96,12.8,6.56,0.72,4.62,6.83,7.26,3.69,7.1,15.15
MOZ,16.77,13.45,12.63,6.43,13.24,8.16,14.5,3.75,12.47,11.15,2.6,4.27,2.56,3.55,17.45,15.11,3.92,2.79,3.63,5.69,10.28
MRT,3.9,5.15,10.37,12.13,6.24,7.25,7.45,2.14,6.26,5.69,4.9,4.13,3.77,0.49,1.47,2.27,3.07,2.31,2.39,3.77,7.1
MUS,6.45,3.88,4.7,4.94,8.93,8.86,9.67,2.56,2.97,6.53,3.83,3.54,3.19,1.32,0.95,3.68,3.21,0.45,2.58,4.03,10.77
MWI,7.71,7.83,7.98,8.16,8.34,8.52,8.72,8.42,7.41,7.62,21.3,28.28,23.77,21.86,21.73,11.54,9.22,9.38,8.63,9.34,18.45
MYS,1.79,1.07,1.42,3.04,3.62,2.03,5.43,0.6,1.72,3.17,1.66,2.11,3.14,2.1,2.08,3.8,0.97,0.66,-1.14,2.48,3.38
NAM,12.72,7.21,4.14,2.27,4.96,6.57,9.08,9.43,4.9,5.01,6.7,5.63,5.34,3.41,6.68,6.15,4.28,3.72,2.21,3.62,6.08
NER,2.67,-1.89,0.57,7.82,0.05,0.06,11.29,4.3,-2.79,2.94,0.47,2.29,-0.94,1.01,0.18,0.2,3.01,-2.52,2.76,3.84,4.23
NGA,12.89,14.01,15.06,17.82,8.28,5.42,11.57,12.57,13.74,10.81,12.2,8.48,8.04,9.01,15.69,16.5,12.1,11.4,13.25,16.95,18.85
NIC,3.75,5.3,8.47,9.6,9.14,11.13,19.83,3.69,5.45,8.08,7.19,7.14,6.04,3.99,3.52,3.85,4.94,5.38,3.68,4.93,10.47
NLD,3.29,2.09,1.26,1.69,1.1,1.61,2.49,1.19,1.28,2.34,2.46,2.51,0.98,0.6,0.32,1.3,1.7,2.67,1.27,2.68,10.0
NOR,1.29,2.49,0.45,1.53,2.33,0.71,3.75,2.2,2.42,1.28,0.7,2.12,2.04,2.17,3.55,1.88,2.76,2.17,1.29,3.48,5.8
NPL,2.9,4.74,3.96,4.54,7.96,6.2,6.68,12.62,9.56,9.57,8.31,9.87,9.04,7.21,9.93,4.45,4.15,4.64,5.05,3.6,6.26
NZL,2.68,1.75,2.29,3.04,3.37,2.38,3.96,2.12,2.3,4.03,1.06,1.13,1.23,0.29,0.65,1.85,1.6,1.62,1.71,3.94,6.28
OMN,-0.28,0.22,0.61,1.94,3.51,5.81,12.41,3.47,3.26,4.04,2.94,1.05,1.03,0.07,1.11,1.6,0.88,0.13,-0.9,1.55,2.81
PAK,3.7,2.87,7.44,9.06,7.92,7.6,19.75,12.16,12.93,11.92,9.68,7.69,7.2,2.55,3.75,4.15,5.07,6.74,9.74,9.5,19.87
PAN,1.22,1.43,0.18,2.87,2.43,4.18,8.72,2.42,3.53,5.84,5.69,4.05,2.63,0.13,0.76,0.88,0.77,-0.35,-1.55,1.63,2.86
PER,0.2,2.26,3.66,1.61,2.0,1.78,5.79,2.93,1.53,3.37,3.66,2.81,3.25,3.55,3.59,2.8,1.32,2.14,1.83,4.27,7.88
PHL,3.0,3.48,5.98,7.69,6.52,2.96,8.17,4.21,3.79,4.72,3.17,2.95,4.17,1.4,1.81,2.85,5.26,2.48,2.64,3.93,5.82
PLW,0.09,0.5,0.95,4.08,4.08,3.29,11.9,1.42,1.45,4.69,3.59,3.41,4.15,0.95,-1.03,0.9,1.57,0.61,0.22,0.45,12.2
PNG,11.8,14.71,2.16,1.78,2.37,0.91,10.77,6.91,5.1,4.44,4.54,4.96,5.22,6.0,6.69,5.43,4.73,3.68,3.37,4.49,6.6
POL,1.91,0.68,3.38,2.18,1.28,2.46,4.16,3.8,2.58,4.24,3.56,0.99,0.05,-0.87,-0.66,1.98,1.81,2.31,3.37,5.1,14.3
PRI,0.19,1.39,2.54,5.61,5.18,4.23,5.21,0.28,2.47,2.9,1.35,1.06,0.57,-0.75,-0.29,1.75,1.27,0.1,-1.3,2.41,4.39
PRT,3.6,3.22,2.37,2.28,3.11,2.45,2.59,-0.84,1.4,3.65,2.77,0.27,-0.28,0.49,0.61,1.56,0.99,0.3,-0.01,1.27,7.8
PRY,10.49,14.22,4.29,6.86,9.52,8.19,10.17,2.59,4.67,8.24,3.68,2.67,5.0,3.13,4.08,3.6,3.96,2.76,1.77,4.79,9.77
QAT,0.17,2.25,6.77,8.88,11.79,13.67,15.12,-4.88,-2.43,1.91,1.86,3.1,3.32,1.86,2.68,0.4,0.22,-0.55,-2.54,2.3,5.0
ROU,22.51,15.38,11.86,9.0,6.6,4.84,7.85,5.58,6.12,5.79,3.34,3.99,1.07,-0.6,-1.55,1.34,4.64,3.83,2.63,5.05,13.8
RUS,15.79,13.66,10.89,12.69,9.67,9.01,14.11,11.65,6.85,8.44,5.07,6.75,7.82,15.53,7.04,3.68,2.88,4.47,3.38,6.69,13.75
RWA,1.98,7.45,11.98,9.12,8.83,9.08,15.44,10.35,2.31,5.67,6.29,4.22,1.78,2.51,5.72,4.84,1.36,2.43,9.85,-0.39,17.7
SAU,0.25,0.61,0.52,0.48,2.21,4.17,9.87,5.06,5.34,5.83,2.87,3.51,2.24,1.22,2.05,-0.85,2.47,-2.09,3.45,3.06,2.5
SDN,22.23,6.49,9.66,8.51,7.2,14.75,14.3,11.26,12.98,18.1,35.56,36.52,36.91,16.91,17.75,32.35,63.29,50.99,17087.72,359.09,138.81
SEN,2.4,-0.05,0.51,1.71,2.11,5.86,6.34,-2.25,1.23,3.4,1.42,0.71,-1.08,0.13,0.84,1.32,0.46,1.02,2.55,2.18,9.69
SGP,-0.39,0.49,1.67,0.47,0.96,2.11,6.62,0.59,2.82,5.24,4.58,2.36,1.03,-0.52,-0.54,0.58,0.45,0.56,-0.18,2.3,6.02
SLB,9.37,10.08,6.92,7.53,11.22,7.66,17.32,7.11,0.95,7.44,5.91,5.39,5.17,-0.56,0.5,0.48,2.66,1.83,2.96,-0.11,3.74
SLE,0.12,3.99,12.92,13.7,10.53,16.97,8.2,7.47,7.89,6.1,6.59,5.52,4.64,6.69,10.88,18.22,16.03,14.8,13.45,11.87,25.91
SLV,1.87,2.12,4.45,4.69,4.03,4.59,7.26,0.54,1.18,5.12,1.73,0.76,1.14,-0.73,0.61,1.01,1.09,0.07,-0.37,3.47,7.2
SRB,8.87,2.9,10.6,16.25,10.73,6.0,12.39,8.13,6.14,11.14,7.33,7.7,2.1,1.39,1.12,3.13,1.95,1.85,1.58,4.09,11.98
STP,10.13,9.79,13.28,17.15,23.08,18.55,31.99,16.96,13.34,14.32,10.64,8.11,6.99,5.26,5.43,5.69,7.87,8.36,7.87,8.14,15.05
SUR,15.52,23.0,9.13,13.98,11.28,6.43,14.67,-0.3,6.95,17.68,5.01,1.92,3.38,6.9,55.5,22.02,6.94,4.39,49.77,59.11,54.26
SVK,3.13,8.55,7.55,2.71,4.48,2.76,4.6,1.62,0.96,3.92,3.61,1.4,-0.08,-0.33,-0.52,1.39,2.51,2.77,1.94,3.15,12.8
SVN,7.48,5.54,3.59,2.45,2.46,3.66,5.65,0.84,1.8,1.8,2.6,1.77,0.2,-0.53,-0.05,1.43,1.74,1.63,-0.05,1.92,8.8
SWE,2.16,1.93,0.37,0.45,1.36,2.21,3.44,-0.49,1.16,2.96,0.89,-0.04,-0.18,-0.05,0.98,1.87,1.95,1.64,0.5,2.16,8.4
SWZ,12.02,7.29,3.44,4.9,5.2,8.08,12.66,7.45,4.51,6.11,8.94,5.62,5.68,4.95,7.85,6.22,4.81,2.58,4.11,3.72,4.87
SYC,0.2,3.3,3.9,0.65,-1.86,5.32,36.97,31.75,-2.4,2.56,7.11,4.34,1.39,4.04,-1.01,2.86,3.7,1.81,3.9,9.77,2.63
TCD,5.19,-1.75,-4.8,3.33,8.07,-7.44,8.31,10.12,-2.11,1.86,7.7,0.23,1.67,6.76,-1.12,-0.9,4.27,-0.97,2.8,-0.77,5.11
TGO,3.06,-0.93,0.39,6.78,2.23,0.95,8.69,3.71,1.45,3.56,2.58,1.83,0.19,1.78,0.86,-0.22,0.94,0.69,1.83,4.55,7.61
THA,0.7,1.8,2.77,4.55,4.65,2.24,5.44,-0.84,3.27,3.8,3.01,2.19,1.89,-0.9,0.19,0.67,1.07,0.71,-0.85,1.23,6.08
TJK,12.23,16.26,7.13,7.09,9.99,13.14,20.51,7.44,6.9,12.47,5.83,5.04,6.03,5.47,6.04,7.31,3.83,7.79,8.59,8.92,7.67
TKM,8.75,5.59,5.89,10.71,8.16,6.26,14.54,-2.67,4.45,5.28,5.31,6.81,6.01,7.41,3.65,8.04,13.3,5.09,7.58,14.95,17.5
TON,10.36,11.64,10.97,8.67,6.15,5.84,10.45,1.43,3.54,6.27,1.15,2.11,1.17,-1.05,2.58,7.37,2.91,3.29,0.24,1.41,8.52
TTO,4.12,3.78,3.76,6.84,8.31,7.86,12.07,7.06,10.53,5.08,9.29,5.15,5.69,4.66,3.09,1.88,1.03,1.0,0.6,2.06,5.03
TUN,2.76,2.75,3.61,2.02,4.11,3.42,4.92,3.59,4.29,3.22,4.62,5.32,4.63,4.45,3.61,5.31,7.27,6.72,5.63,5.71,8.31
TUR,44.96,21.6,8.6,8.18,9.6,8.76,10.44,6.25,8.57,6.47,8.89,7.49,8.85,7.67,7.78,11.14,16.33,15.18,12.28,19.6,72.31
TUV,5.05,2.91,2.37,3.22,4.19,2.29,10.44,-0.28,-1.85,0.5,1.42,2.01,1.07,3.14,3.51,4.12,2.14,2.18,1.57,2.94,5.71
TZA,4.55,4.43,4.14,4.36,7.25,7.03,10.28,12.14,7.19,12.69,15.97,7.84,6.13,5.61,5.18,5.32,3.51,3.45,3.29,3.69,4.35
UGA,-0.3,8.72,3.67,8.61,7.22,6.09,12.03,13.01,4.0,18.66,14.03,5.47,4.3,3.69,5.17,5.63,2.62,2.87,3.79,2.21,7.2
UKR,0.72,5.22,9.03,13.53,9.09,12.89,25.2,15.86,9.33,7.95,0.59,-0.23,12.15,48.57,13.95,14.44,10.94,7.89,2.73,9.36,20.18
URY,13.96,19.4,9.16,4.7,6.39,8.11,7.88,7.06,6.7,8.1,8.1,8.58,8.88,8.67,9.63,6.22,7.61,7.88,9.76,7.75,9.11
USA,1.59,2.27,2.68,3.39,3.23,2.85,3.84,-0.36,1.64,3.16,2.07,1.46,1.62,0.12,1.26,2.14,2.44,1.81,1.23,4.7,8.0
UZB,27.29,12.49,7.32,10.7,13.11,11.15,13.13,12.3,12.3,12.45,11.9,11.7,9.08,8.46,7.98,13.88,17.68,14.53,12.86,10.69,11.32
VCT,0.75,0.13,2.85,3.44,3.02,6.99,10.12,0.37,0.75,3.19,2.6,0.81,0.19,-1.73,-0.16,2.15,1.24,0.91,-0.61,1.56,5.83
VEN,22.43,31.09,21.75,15.95,13.65,18.7,30.37,27.07,28.17,26.08,21.06,40.59,62.14,121.4,254.39,438.12,65374.08,19906.02,2355.15,1588.51,220.84
VNM,4.08,3.23,7.76,8.28,7.4,8.31,23.11,6.73,9.2,18.67,9.07,6.58,4.09,0.64,2.68,3.52,3.54,2.8,3.22,1.83,3.16
VUT,1.96,3.02,1.42,1.2,2.04,3.93,4.84,4.3,2.76,0.87,1.35,1.46,0.8,2.48,0.84,3.09,2.31,2.75,2.92,2.34,4.58
WSM,7.43,4.37,7.85,7.82,3.23,4.48,6.27,14.64,-0.2,2.88,6.19,-0.21,-1.24,1.92,0.13,1.3,4.2,2.19,-1.57,-3.01,8.75
YEM,12.24,10.83,12.49,9.87,10.85,7.91,18.98,3.67,11.17,19.54,9.89,10.97,8.1,39.4,5.0,30.4,27.6,10.0,26.18,45.7,43.85
ZAF,9.49,5.68,-0.69,2.06,3.24,6.18,10.06,7.26,4.06,5.02,5.72,5.78,6.14,4.51,6.59,5.27,4.5,4.13,3.22,4.61,7.0
ZMB,22.3,21.31,17.96,18.3,9.06,10.64,12.44,13.38,8.5,6.44,6.59,6.99,7.82,10.11,17.86,6.58,7.49,9.8,15.73,22.02,10.99
ZWE,-34.44,-8.56,113.57,-31.52,32.97,-72.73,156.96,6.22,3.05,3.47,3.72,1.63,-0.21,-2.41,-1.57,0.91,10.61,255.29,557.21,98.55,284.94
ABW,3.87,5.51,2.08,6.69,7.43,5.51,13.79,-8.2,9.43,7.16,0.81,-7.46,1.57,3.8,-2.47,-3.2,0.8,1.23,-1.28,1.26,5.38
ALB,11.9,4.5,27.2,25.0,5.7,7.1,3.87,1.75,3.62,2.76,0.9,0.24,1.33,-0.52,0.04,1.0,2.8,0.69,1.42,2.7,15.73
AUS,3.25,4.29,4.01,3.82,3.34,4.08,6.24,5.43,5.49,4.43,3.94,4.67,3.04,2.54,1.68,2.89,2.35,-1.21,-0.12,10.93,16.93
AUT,0.85,1.34,3.56,5.43,4.28,4.63,2.71,1.82,2.58,3.31,3.23,2.39,1.59,1.19,0.83,1.73,2.28,0.9,2.4,12.25,40.14
BDI,3.37,3.9,4.04,10.29,8.12,10.81,15.93,11.83,9.76,6.12,31.81,6.37,6.96,3.69,0.97,7.41,10.83,7.41,5.06,7.82,10.69
BEL,0.59,1.08,3.14,5.32,4.67,1.48,11.58,-3.91,3.39,8.06,3.73,-0.61,-1.41,0.4,2.14,3.74,3.04,0.87,-1.82,12.33,54.95
BEN,3.35,5.23,1.45,7.56,7.0,-0.38,4.88,2.69,2.19,2.06,1.65,-0.51,0.97,-0.11,-0.77,1.06,3.05,-1.43,2.88,-1.93,0.94
BFA,5.78,4.9,0.83,0.21,4.7,-1.33,12.06,10.73,2.96,3.82,4.11,2.79,2.84,3.05,0.66,-0.35,-0.72,1.4,-1.48,1.99,3.31
BGR,14.77,11.62,7.67,5.5,4.62,5.97,12.01,6.45,0.48,2.23,7.37,-0.59,-2.02,3.42,0.03,3.18,4.59,3.9,0.99,10.6,28.42
BHR,0.0,-0.3,0.1,-0.1,0.1,2.24,2.24,2.24,-1.22,-12.4,-3.28,8.73,4.89,4.61,3.03,3.48,1.24,2.87,-2.61,-1.26,-1.06
BLZ,-1.07,3.68,5.19,4.16,4.87,1.36,3.59,-3.87,3.02,3.02,3.02,0.38,1.59,-0.11,0.56,0.76,0.81,0.19,0.58,1.76,2.87
BOL,4.4,4.9,4.0,3.6,2.57,3.8,5.38,2.5,2.58,5.45,5.01,4.39,5.82,5.01,3.66,4.8,2.59,0.48,-0.21,0.23,0.7
BRA,12.04,13.42,8.62,6.54,4.63,2.09,3.3,5.88,4.85,6.29,6.75,3.36,7.79,16.76,7.22,4.23,5.83,4.78,2.34,9.58,7.98
BWA,6.1,2.6,6.1,17.5,4.89,4.72,13.5,-1.5,12.7,8.47,7.67,4.32,3.9,7.08,8.42,9.52,4.05,2.05,5.12,6.41,8.3
CAN,-2.6,9.0,3.2,6.5,5.1,2.3,7.0,-7.1,6.64,12.25,1.69,1.5,3.53,-9.57,1.43,1.56,6.7,-2.2,1.49,18.85,24.19
CHE,0.09,0.43,1.62,2.97,2.75,2.13,4.87,-1.15,2.44,2.4,0.83,0.12,1.04,-0.64,-0.06,1.21,1.35,-0.62,-0.2,8.58,22.99
CHL,2.76,5.29,3.21,3.72,4.68,7.12,14.44,0.79,1.21,6.84,0.32,2.61,6.28,5.16,5.47,3.62,4.29,2.23,2.86,9.01,20.88
CHN,-0.05,2.17,4.98,5.42,4.73,4.38,5.6,-3.5,4.35,5.48,2.1,2.88,2.1,0.65,1.27,2.63,2.26,1.3,-1.57,1.9,3.1
CIV,3.79,6.49,1.61,8.54,1.7,-0.45,4.48,-1.14,2.4,1.87,1.98,2.07,1.65,1.47,0.21,1.29,2.14,0.01,2.91,4.0,5.57
COL,3.93,5.75,5.35,4.28,3.95,4.39,5.79,5.46,3.72,3.51,3.63,2.81,3.25,4.06,5.93,4.54,4.02,5.7,-1.13,5.13,14.74
CRI,8.21,7.21,16.95,11.94,11.42,9.1,13.91,16.59,8.64,3.96,7.07,16.74,2.87,-2.16,1.15,1.23,4.34,-1.01,1.91,7.07,18.8
CYP,6.9,12.3,11.3,12.9,8.9,2.0,13.9,-15.7,19.6,18.1,14.1,-0.4,-3.2,-14.8,-9.5,8.4,7.8,-2.0,-9.5,14.3,33.21
CZE,5.98,1.95,3.53,4.18,6.19,3.42,10.28,7.25,1.65,2.8,4.96,1.76,-1.39,1.04,0.6,1.65,2.96,5.06,2.87,1.39,31.57
DEU,0.91,1.51,1.53,2.82,2.94,1.92,3.42,0.42,0.99,3.08,2.23,1.97,0.85,-0.41,0.0,1.24,1.75,1.32,0.7,10.71,35.93
DNK,2.89,2.47,2.42,3.17,2.9,2.13,4.04,1.95,3.73,3.84,2.6,1.98,1.5,0.05,0.81,1.23,1.18,-0.29,0.26,11.54,42.62
DOM,12.96,36.82,25.26,9.79,11.82,3.6,5.44,8.03,10.72,13.79,1.98,2.78,2.94,-4.48,2.0,5.32,3.9,-2.25,2.2,6.47,11.07
ECU,46.74,28.7,11.4,3.39,4.8,2.32,4.51,2.16,2.53,2.16,2.56,2.2,3.71,5.53,3.46,2.03,1.43,0.81,0.38,0.02,1.58
ESP,2.27,2.89,3.5,5.32,6.52,3.66,6.64,1.29,3.53,7.23,5.06,0.91,1.34,-2.1,-4.24,3.93,2.37,-1.24,-3.54,21.24,32.78
EST,8.22,3.01,4.09,6.98,10.36,14.58,15.81,1.02,2.94,5.86,8.99,8.83,-1.43,-1.46,-1.72,2.15,6.29,1.91,-3.72,18.44,68.17
ETH,1.51,4.61,7.54,12.76,16.54,13.74,22.05,15.01,18.0,20.81,16.73,11.47,11.06,8.74,12.35,12.77,17.04,10.95,20.08,15.89,19.34
FIN,1.9,10.7,2.8,5.4,6.5,3.8,17.5,-3.1,10.65,6.31,1.72,0.34,1.21,0.82,0.55,1.3,1.55,2.99,0.16,9.62,30.92
FJI,-2.9,2.7,8.3,14.3,6.6,-0.9,12.2,-5.3,5.2,20.87,1.64,0.75,0.15,-4.47,-5.03,1.99,2.07,-0.19,-1.17,3.01,5.35
FRA,1.64,2.7,2.79,4.75,4.66,2.97,4.74,-0.11,3.3,4.45,3.4,2.43,1.76,0.41,-0.11,1.6,2.38,1.74,-0.21,10.46,24.49
GBR,2.4,1.61,2.12,3.29,4.67,3.41,4.7,2.18,-0.36,2.71,2.72,2.35,2.0,1.25,1.68,2.04,1.86,2.08,0.88,9.11,46.18
GEO,8.0,0.6,6.7,2.7,26.5,13.7,10.0,1.72,7.11,2.58,0.77,-0.92,4.17,3.87,3.49,1.62,4.25,1.62,0.76,6.95,18.57
GHA,27.01,60.82,12.59,23.96,20.02,16.08,17.8,4.57,10.26,10.61,7.88,20.54,46.97,25.48,30.67,7.1,4.31,9.98,15.98,20.02,43.29
GIN,8.9,6.57,9.03,25.16,22.47,33.86,15.56,8.85,9.54,9.95,12.73,15.09,7.16,8.41,6.02,3.85,6.67,3.85,6.13,5.93,2.94
GRC,3.32,4.43,4.79,8.88,6.49,3.06,8.61,-2.68,6.93,8.91,7.87,5.54,-2.29,-6.47,-3.18,2.17,0.07,-0.48,-3.77,12.31,42.89
GTM,3.6,5.6,8.3,6.6,6.8,4.4,10.6,-2.23,6.59,5.32,0.3,4.23,1.94,-6.28,2.44,2.14,2.38,1.4,-0.06,4.82,4.72
HND,14.86,12.91,9.88,8.09,6.55,5.9,9.23,6.86,8.99,8.35,5.19,5.28,4.92,2.23,2.1,5.53,4.37,6.55,0.41,3.3,4.81
HRV,2.2,3.0,5.0,7.0,4.2,0.8,8.0,-2.8,9.9,7.0,10.8,1.8,0.7,-5.9,-5.7,-0.1,5.6,0.9,-6.5,8.8,19.6
HUN,5.5,7.3,14.1,6.2,6.4,24.6,9.37,7.64,5.51,4.61,5.78,-5.36,-8.41,-1.19,0.55,1.12,1.83,0.54,1.47,11.24,12.92
IDN,14.55,11.74,7.78,9.09,10.63,4.95,8.57,5.03,2.96,4.18,3.36,4.89,5.91,6.31,1.79,4.99,2.65,2.28,0.95,0.37,2.5
IRL,1.11,-0.67,4.26,10.42,16.03,20.34,9.67,-21.94,1.29,9.74,0.6,0.67,-0.03,1.6,-0.48,2.03,5.1,1.09,-1.03,12.29,41.7
IRN,15.5,15.4,11.2,6.0,13.25,21.19,28.17,17.02,5.84,16.72,13.58,19.27,18.53,16.01,7.89,6.42,12.9,24.12,23.88,26.86,29.53
ISL,2.4,8.41,7.54,14.98,11.96,11.55,12.87,0.57,-0.5,6.16,5.16,3.9,5.83,6.01,6.64,11.92,6.48,2.76,2.4,7.38,17.53
ISR,11.59,-4.84,-2.78,-1.02,1.19,-2.17,3.29,12.53,5.02,5.87,3.71,2.98,2.49,2.31,2.19,1.77,2.07,-0.45,0.78,5.41,10.45
ITA,0.27,3.32,1.96,4.9,5.7,2.58,6.45,-0.12,1.21,5.18,7.03,2.08,0.02,-0.81,-1.64,1.76,2.56,0.48,-8.21,14.08,48.83
JAM,6.39,15.61,19.03,20.42,13.34,9.04,28.68,2.81,20.67,12.24,5.85,8.29,6.47,-9.1,-1.38,11.1,6.31,1.3,2.14,5.31,8.18
JOR,2.24,2.44,0.97,2.12,6.03,2.0,14.97,-2.94,4.59,3.86,3.43,6.83,4.75,0.57,1.16,2.8,3.53,1.55,-1.82,1.56,5.53
JPN,-0.12,-0.08,-0.22,-0.08,-0.02,-0.14,0.13,-0.18,-0.35,-0.22,-0.34,-0.4,0.02,0.04,-0.13,-0.16,-0.12,1.37,-0.39,3.96,17.31
KAZ,4.9,4.9,4.6,7.46,9.83,13.82,15.29,8.4,10.58,7.11,5.73,8.57,4.91,4.08,11.59,0.75,0.57,1.32,2.29,6.5,11.53
KEN,-0.2,5.6,17.5,23.7,11.7,11.45,11.45,11.45,11.45,11.45,9.28,4.55,5.59,3.19,1.65,3.12,12.76,4.59,0.52,4.77,5.95
KGZ,20.3,2.2,7.11,8.54,7.33,13.14,27.36,19.15,13.25,1.55,6.25,1.9,3.35,16.26,5.05,-1.68,2.26,0.44,3.48,5.36,6.86
KHM,0.3,0.0,0.1,10.1,12.0,8.3,20.0,14.61,2.84,3.74,2.27,0.64,2.78,-3.5,-1.24,-0.15,1.33,1.28,1.09,2.95,7.05
KOR,2.75,4.25,3.24,1.89,2.86,2.24,4.36,1.13,2.38,4.51,4.59,3.53,2.86,-0.64,-0.81,1.7,0.7,-2.6,0.19,1.64,5.31
LCA,-1.6,3.0,3.5,7.7,5.1,1.48,5.98,-4.58,6.31,2.25,1.26,-4.17,5.03,6.57,-3.23,7.0,9.14,-1.94,-4.7,6.83,15.45
LSO,11.2,8.1,5.5,7.6,8.37,8.07,14.73,-0.26,3.34,11.51,8.35,10.58,7.71,-6.87,0.35,6.28,8.81,8.0,-1.93,6.87,16.55
LTU,2.73,0.32,0.65,4.97,6.86,11.5,19.24,11.43,4.73,8.27,6.19,0.57,-0.85,-4.76,-2.03,1.12,4.05,0.13,-3.4,14.33,57.35
LUX,0.18,2.83,3.14,6.86,5.85,3.36,7.89,-2.67,4.7,6.91,3.71,0.6,-1.01,-0.91,-1.57,1.67,3.18,1.61,-0.77,18.82,33.02
LVA,1.08,4.67,8.11,5.78,13.8,16.35,29.37,8.23,-2.26,7.61,6.82,-0.05,0.98,3.56,-2.94,2.04,4.13,3.07,-2.41,10.5,48.62
MDV,-1.4,-0.9,-2.1,6.2,9.0,2.91,2.91,2.91,2.91,2.91,3.59,3.57,3.07,1.03,0.3,-0.94,-0.16,2.21,-4.7,1.11,1.87
MEX,7.6,15.9,5.38,3.93,4.47,3.02,4.89,2.45,3.2,2.19,2.51,2.8,2.9,1.87,1.72,3.91,3.91,2.43,2.6,13.71,5.49
MKD,1.0,4.35,1.91,0.82,2.77,5.99,6.67,5.12,7.0,4.99,9.23,1.0,-0.17,1.06,-0.57,-0.28,0.01,-0.14,2.0,2.74,11.95
MLI,6.82,-0.22,-1.61,-2.37,2.41,2.02,5.25,0.21,-1.89,2.96,2.0,3.82,3.13,1.65,1.78,-0.61,2.67,4.23,0.67,-0.98,5.34
MMR,34.7,34.3,17.7,9.1,31.4,32.9,14.3,3.7,3.7,8.1,6.5,5.2,4.61,7.91,5.51,5.02,7.82,18.84,17.37,3.51,11.24
MNG,12.3,0.4,1.7,8.7,8.7,9.1,21.43,9.21,7.97,13.07,12.36,7.51,12.55,10.67,1.95,4.9,13.03,8.7,2.92,2.35,14.52
MOZ,5.2,12.5,12.5,12.5,12.5,12.5,15.01,-7.41,10.75,8.97,4.32,4.77,3.35,0.87,4.73,15.63,5.49,2.41,-0.47,5.46,6.79
MUS,15.1,15.1,0.2,3.46,11.54,4.93,6.8,-3.21,-0.29,2.29,4.82,0.52,0.74,-0.05,-3.1,-2.21,-1.78,-0.39,-2.99,-2.95,4.0
MYS,0.0,0.5,0.5,1.4,1.54,1.31,1.52,1.41,1.15,1.78,1.58,1.77,3.39,2.45,2.44,2.2,1.99,1.87,-1.73,1.57,1.95
NAM,7.6,6.77,6.34,1.86,2.06,2.13,-4.59,14.76,8.71,7.69,5.86,5.16,3.27,2.63,7.69,9.18,3.52,2.07,-0.99,1.26,1.72
NGA,17.07,33.78,20.72,12.07,16.87,9.94,6.13,8.29,10.08,15.57,17.75,9.6,5.83,7.2,21.91,12.86,7.4,7.35,8.13,10.22,14.16
NIC,4.11,6.23,8.3,7.74,12.14,8.34,15.43,-2.35,4.54,8.16,4.41,5.53,6.93,-0.62,3.82,9.14,7.12,5.18,4.65,2.21,6.8
NLD,3.38,3.86,3.18,4.62,3.88,2.6,2.11,1.8,-0.04,2.51,2.8,3.02,2.87,1.83,0.6,1.56,2.94,7.57,0.53,17.26,75.64
NOR,3.72,8.59,0.24,1.71,6.12,-0.87,6.83,1.81,5.22,0.93,-1.87,5.29,1.29,1.3,4.48,3.01,5.01,0.13,-3.49,44.52,29.15
NZL,3.16,5.24,6.54,5.54,5.06,5.21,4.68,2.53,2.43,3.61,2.77,3.04,3.38,2.78,3.18,3.13,3.06,0.86,2.93,8.55,16.83
PAK,4.9,4.9,2.5,5.8,11.5,4.9,16.6,18.0,10.63,8.35,6.56,5.34,8.36,5.21,4.97,5.04,6.21,8.49,6.16,10.04,12.19
PAN,-2.2,5.3,5.3,5.3,5.1,4.52,6.25,-7.34,2.58,1.76,3.3,4.11,1.53,-1.17,-0.98,1.92,0.64,-0.29,-4.07,-3.75,1.93
PHL,3.73,3.82,3.8,7.53,5.96,2.3,4.65,1.67,5.17,5.08,4.12,1.75,2.55,-1.15,0.38,2.74,3.97,2.4,0.91,2.57,6.31
POL,5.9,3.4,4.14,4.0,4.55,3.89,9.04,8.52,3.75,6.08,5.81,1.96,1.56,0.7,-0.61,1.8,2.06,-0.38,7.49,12.14,30.26
PRT,2.93,4.17,3.0,4.37,3.86,3.64,3.95,2.06,4.43,6.66,8.71,2.15,2.22,0.23,0.39,0.6,2.19,-1.77,0.07,7.28,23.85
PRY,10.98,9.55,1.45,4.27,5.15,2.87,7.8,1.82,5.33,7.72,9.7,4.94,4.69,3.02,2.49,2.38,3.01,2.94,1.41,2.44,3.95
QAT,1.54,18.18,16.03,26.52,25.76,29.17,19.71,-11.98,-12.76,-3.75,-2.65,6.1,7.81,2.87,4.03,-3.04,-3.9,-2.98,-4.57,-5.08,5.25
ROU,37.7,18.8,19.4,17.6,11.9,5.9,9.9,4.0,7.6,9.3,6.9,4.1,2.3,-2.7,-4.4,0.4,12.2,2.7,-7.4,15.2,32.83
RUS,35.7,15.4,14.4,18.0,16.7,11.6,13.7,19.62,13.54,10.92,5.03,9.07,7.74,10.93,7.03,4.76,3.98,4.67,3.02,5.4,6.66
SEN,4.2,4.3,2.0,0.2,3.54,10.0,2.11,-0.15,2.12,3.15,0.23,-0.3,-4.77,-2.67,-1.82,-1.41,0.32,0.48,0.91,2.53,2.3
SGP,-2.2,-0.34,-0.11,1.26,3.31,0.24,14.99,2.01,2.24,8.98,8.41,2.83,0.12,-3.54,-4.07,-2.54,-1.34,-0.99,-0.29,1.39,5.18
SLV,-3.1,2.8,-1.4,5.1,8.8,5.0,-1.7,6.99,6.97,13.86,3.63,0.11,1.62,-2.66,9.3,4.9,3.27,-0.67,-3.43,5.78,2.87
SUR,3.69,17.35,13.21,7.84,11.45,5.97,7.22,6.6,0.1,4.96,4.04,0.34,-0.6,-1.01,-1.41,-1.43,2.04,4.22,-0.03,55.8,135.08
SVK,6.81,6.58,7.31,9.07,5.3,2.67,9.65,-0.29,10.13,5.56,3.8,3.1,0.13,-1.25,-0.97,2.55,4.01,1.2,2.6,0.06,18.95
SVN,2.77,4.32,0.14,0.35,3.5,4.03,6.86,-5.36,-0.15,8.72,1.37,-0.78,-0.86,-2.55,0.85,2.48,3.72,3.11,-1.11,11.08,23.79
TCD,-0.46,0.64,0.74,1.14,1.02,-0.76,4.62,1.46,1.39,5.78,6.0,1.99,2.83,1.15,0.46,0.43,-0.83,0.82,0.85,-1.83,-1.97
TGO,1.3,1.7,4.4,2.5,6.8,-0.5,-16.0,-9.0,9.7,3.6,2.73,1.88,1.41,0.59,-1.0,0.17,1.03,0.42,0.78,0.6,12.1
TON,-0.15,0.13,2.74,2.5,2.88,4.26,5.52,4.51,0.37,1.29,2.35,0.15,0.68,0.89,-0.29,0.04,2.41,0.95,0.51,5.98,26.01
TTO,1.4,4.3,5.0,9.0,5.65,3.96,6.17,2.81,3.32,3.13,2.89,3.93,5.37,5.01,4.91,5.33,4.8,4.8,4.74,0.0,0.0
TUN,44.8,19.8,8.44,10.66,12.66,11.21,19.64,8.82,6.29,5.78,11.46,7.17,5.69,7.62,6.56,8.03,15.79,13.6,4.74,4.97,5.8
TUR,14.5,4.1,7.1,12.7,8.5,6.2,10.7,-1.6,9.2,16.85,16.32,14.2,10.67,1.32,6.61,7.57,11.97,7.92,12.4,17.72,67.62
TZA,2.91,5.3,3.78,7.37,8.71,16.66,9.94,6.66,5.15,15.88,20.74,4.97,2.85,5.29,3.82,4.91,5.79,2.92,4.04,4.13,3.66
UKR,11.41,20.79,9.56,6.14,8.13,8.86,11.16,10.7,8.85,10.32,9.24,10.7,9.03,8.11,9.2,8.58,6.06,5.91,-2.98,23.16,5.01
URY,2.22,2.52,2.57,3.26,3.8,3.16,3.18,0.37,-0.37,1.32,1.65,2.08,2.58,2.08,2.48,2.97,2.89,-2.11,7.18,7.95,7.09
VEN,16.08,12.85,9.62,7.24,6.8,6.55,8.75,12.08,13.68,12.14,9.83,12.1,16.37,22.12,2.5,109.58,94802.37,17687.47,1.79,1137.51,164.09
VNM,7.86,8.06,6.45,7.0,9.01,11.09,20.54,3.82,17.02,19.72,10.51,4.7,3.74,-1.62,2.4,4.29,3.31,3.04,0.63,1.76,2.45
ZAF,6.5,4.45,-10.64,0.6,4.4,11.15,12.18,7.91,6.69,6.63,6.19,5.6,5.77,5.99,6.05,5.18,4.89,5.21,3.74,14.31,24.37
ALB,6.3,4.3,-0.1,-0.5,1.0,2.99,5.23,4.91,4.81,4.75,2.34,4.24,2.2,4.32,3.25,3.91,2.67,2.91,3.61,3.9,11.42
ARM,2.2,6.9,10.0,0.8,4.1,6.7,11.1,-0.9,9.4,12.3,1.99,5.81,0.51,27.85,-22.03,3.99,2.34,1.87,0.27,11.21,13.31
AUS,3.57,3.65,2.34,2.38,7.79,2.33,4.67,3.73,1.55,4.83,-1.63,0.8,2.54,0.92,0.82,0.71,0.97,4.48,9.28,7.91,7.03
AUT,1.34,1.79,1.92,1.24,1.88,4.21,6.29,0.2,0.48,4.24,3.19,3.47,1.94,0.83,0.73,2.37,1.52,1.02,2.33,0.78,10.23
AZE,3.7,3.3,10.0,10.9,12.0,16.3,28.5,-1.5,7.24,10.44,0.84,2.32,0.9,6.07,14.75,16.52,1.78,3.69,4.81,8.16,20.07
BDI,-5.72,13.83,10.87,17.82,0.53,8.9,34.22,11.07,6.2,9.15,13.69,9.5,2.3,5.79,7.18,23.96,-10.99,-2.83,8.57,10.39,21.09
BEL,2.36,2.05,1.26,1.77,2.56,3.91,6.08,0.85,1.66,2.72,3.1,3.42,-0.38,1.2,2.24,1.26,2.16,4.46,2.88,-0.39,8.21
BEN,5.5,-2.3,-0.7,9.2,-0.5,-1.1,18.0,5.6,5.6,5.66,4.69,2.56,-0.77,0.41,-0.46,-0.05,2.05,-2.79,0.49,5.92,-0.7
BFA,3.1,-1.7,-4.8,14.6,-0.2,-1.7,23.3,2.6,1.46,6.14,5.37,-0.35,-3.18,2.41,0.96,0.43,3.37,-6.43,3.76,6.82,24.97
BGD,2.0,5.8,7.5,8.0,7.6,10.5,11.0,5.5,10.1,12.38,3.38,7.93,7.91,6.05,4.51,7.17,6.21,5.56,5.77,5.3,7.66
BGR,-0.03,-0.97,6.7,4.03,5.43,13.45,16.71,-0.63,-0.38,6.93,3.0,2.79,-0.98,0.33,-0.23,3.99,2.2,5.19,5.37,2.77,21.28
BHR,-1.0,-1.5,2.2,3.0,2.0,4.5,10.9,9.0,4.86,2.0,3.98,2.41,2.87,2.42,1.29,1.01,2.12,2.38,3.55,-0.08,10.04
BLR,38.9,22.8,19.6,11.9,6.1,9.8,17.7,14.0,9.06,62.22,67.97,18.8,18.66,12.21,10.59,7.02,4.06,6.36,4.27,9.62,17.22
BLZ,0.52,3.15,1.66,3.52,3.37,5.75,13.91,1.18,-4.03,0.42,2.38,1.47,0.79,-0.38,0.07,-1.12,-0.53,0.64,1.12,4.8,6.2
BOL,-0.9,3.5,6.0,5.8,5.85,14.58,25.61,1.28,2.95,13.94,3.92,8.85,8.12,4.61,5.51,3.35,2.54,3.36,-0.65,0.61,1.64
BRA,9.66,20.36,4.01,3.08,0.02,6.78,13.05,5.8,6.1,8.85,8.13,11.16,7.52,9.8,12.49,0.89,0.87,4.86,9.07,12.72,11.79
BRN,0.3,-0.8,1.6,0.5,0.3,2.2,5.0,1.0,1.0,0.01,0.01,0.09,-0.23,0.82,-0.94,0.48,1.69,-0.03,2.06,2.38,4.97
BWA,9.3,11.4,4.6,5.4,12.49,11.39,20.19,14.28,3.68,6.88,7.92,5.4,3.01,1.34,2.66,3.43,-0.5,1.39,3.73,7.14,9.04
CAN,2.53,1.44,1.77,2.29,2.27,2.63,3.93,5.48,0.95,4.24,2.35,1.09,2.51,4.1,1.02,-1.01,0.81,3.68,2.4,2.2,9.63
CHE,2.31,1.27,0.51,-0.71,-0.04,0.52,3.1,-0.19,-1.11,-3.25,-0.98,1.22,0.92,-0.8,0.39,0.42,1.26,0.11,0.09,-1.59,1.45
CHL,1.86,3.2,-1.92,2.9,2.69,9.62,17.08,4.71,2.2,6.69,7.63,4.43,6.98,7.12,3.82,2.01,3.06,2.38,6.74,5.41,16.99
CHN,-0.7,3.44,9.79,2.82,2.48,12.36,14.42,0.71,7.34,11.89,4.93,4.7,3.07,2.45,4.48,-1.35,1.84,9.35,10.68,-1.7,2.61
CIV,5.6,4.0,-3.8,2.45,3.0,5.4,11.6,3.38,5.79,10.44,-0.3,1.95,-2.11,2.05,3.04,0.34,-0.49,1.04,4.2,7.68,9.08
CMR,4.8,-0.7,-2.0,1.1,6.9,1.0,9.2,5.98,1.23,4.81,3.43,3.23,0.77,2.02,1.08,0.04,1.22,2.88,3.5,4.25,11.88
COL,9.77,8.06,6.36,6.37,5.58,8.42,12.4,3.58,0.21,4.57,3.42,0.41,2.97,8.63,13.11,0.69,0.83,4.89,5.55,9.73,24.63
CPV,0.62,-0.15,-3.27,-0.08,6.47,5.03,9.08,2.08,2.2,5.21,2.64,0.73,-1.17,1.45,0.14,-0.18,0.45,1.39,3.67,0.56,12.7
CRI,10.16,8.76,14.89,17.8,11.6,15.1,23.89,8.17,4.64,5.6,3.53,3.83,4.27,3.19,-0.81,1.68,1.63,0.8,0.48,2.24,3.2
CYP,4.6,5.1,4.0,1.6,4.8,5.56,7.59,3.69,0.24,4.08,0.82,0.21,-1.46,-0.31,-0.26,-0.29,0.73,0.45,1.22,-0.38,7.77
CZE,-1.94,-2.18,3.41,-0.25,0.86,4.74,8.11,-3.97,1.47,4.63,6.91,4.91,2.02,-1.1,-0.93,5.18,1.31,2.82,4.54,0.8,15.89
DEU,0.83,-0.16,-0.31,0.03,2.03,3.81,6.07,-1.3,1.25,2.77,3.38,3.89,1.01,0.6,0.81,2.76,2.28,1.2,2.26,3.16,12.09
DNK,2.18,1.42,-1.02,0.65,2.72,4.46,7.57,-0.09,0.37,3.96,4.29,0.43,-0.87,1.04,0.1,2.81,0.04,1.39,0.64,0.58,11.16
DOM,4.6,27.8,71.18,-2.8,3.27,4.2,15.8,3.26,4.17,9.14,5.0,4.65,3.91,6.74,2.15,2.31,3.61,3.75,6.35,9.87,11.18
DZA,1.8,4.5,4.9,0.2,4.22,6.36,7.5,8.23,4.24,5.9,12.96,2.98,4.54,3.6,2.62,5.61,1.74,0.64,0.22,10.13,13.72
ECU,8.2,2.42,1.38,2.7,5.68,3.25,16.84,5.89,4.83,6.73,5.81,1.78,4.52,4.21,2.54,0.5,-1.63,0.04,0.76,-0.85,4.93
EGY,4.2,6.7,5.87,5.05,10.15,12.96,23.97,16.03,19.87,15.49,9.21,12.42,12.29,10.67,16.66,38.66,13.3,7.08,-0.2,4.6,22.19
ESP,4.7,4.1,3.87,3.16,4.11,3.69,5.88,-1.05,-0.84,2.05,2.33,2.79,-0.35,1.17,1.4,1.23,1.65,1.03,2.36,1.85,11.24
EST,3.04,-1.73,4.19,3.53,5.06,9.33,14.18,-4.01,3.03,9.66,3.85,4.14,0.02,-0.54,0.04,5.71,3.06,2.99,2.14,1.84,18.92
ETH,2.6,25.07,3.36,12.84,13.61,21.96,60.01,3.3,1.51,39.17,28.1,5.79,5.39,12.14,6.52,11.36,12.52,18.94,23.08,31.78,38.23
FIN,2.88,0.64,0.74,0.31,1.39,2.08,8.57,2.0,-3.58,6.28,5.16,5.36,0.14,-1.87,-1.14,-0.91,1.91,1.21,1.15,0.57,9.99
FJI,0.5,6.2,3.8,1.7,1.8,9.7,11.5,6.7,4.1,10.58,4.32,3.53,1.92,4.77,5.99,-2.15,1.08,4.88,-2.38,6.5,5.35
FRA,2.73,2.28,0.49,0.16,1.67,1.45,5.06,0.08,0.78,1.99,2.89,1.15,-0.84,0.4,0.55,1.09,1.97,2.45,2.03,0.62,6.76
GAB,0.2,1.9,-1.9,0.2,0.9,2.3,7.8,3.7,4.4,4.03,5.68,-0.42,3.0,2.83,-0.09,-0.72,1.85,3.1,1.67,1.35,5.25
GBR,0.82,1.29,0.79,1.52,2.4,4.51,9.16,5.47,3.42,5.5,3.25,3.73,-0.19,-2.58,-2.38,2.25,2.08,10.93,0.72,0.3,10.35
GEO,7.5,7.1,7.7,13.1,11.7,9.8,12.92,4.22,1.75,16.04,-4.49,-0.71,5.13,4.16,1.65,6.77,2.32,8.16,10.59,10.81,18.17
GHA,18.2,24.7,16.6,15.6,9.2,12.2,15.2,15.7,6.1,6.7,6.75,7.28,6.8,7.48,8.66,7.27,7.82,7.86,11.84,10.31,29.0
GIN,6.15,21.4,21.2,37.0,42.5,28.5,20.6,7.1,20.4,27.36,15.63,12.65,10.56,11.52,11.49,13.59,13.36,11.36,12.7,15.78,13.24
GRC,5.33,4.98,0.51,0.61,3.74,3.24,5.36,1.91,0.06,3.11,1.51,0.0,-1.68,1.8,-0.22,0.32,0.4,-4.7,1.36,1.36,11.41
GTM,10.53,5.74,10.28,13.21,7.14,9.89,15.11,2.02,3.45,10.66,7.18,8.38,7.46,9.32,9.94,8.9,7.23,7.82,6.37,4.79,8.62
HKG,-2.09,-1.56,1.12,1.76,1.74,4.28,10.14,1.32,2.32,7.01,5.81,4.41,4.14,3.91,3.38,2.18,3.35,4.86,3.29,1.41,4.63
HND,3.9,3.57,6.77,10.05,4.24,9.55,17.18,3.58,1.83,6.15,3.01,5.06,6.72,3.25,0.97,1.58,3.52,2.17,4.68,2.9,13.1
HRV,0.2,1.65,1.42,4.57,2.52,3.33,9.99,1.62,-1.53,3.54,3.71,3.72,-2.19,0.39,-0.47,2.91,0.99,-0.12,1.93,1.62,15.03
HUN,5.34,2.69,6.47,2.45,7.72,11.46,10.1,4.37,3.12,6.63,5.9,2.75,-0.36,0.86,0.65,2.74,4.15,5.11,7.25,3.45,25.72
IND,1.4,5.0,4.2,1.9,10.3,10.3,10.1,11.1,10.3,8.6,9.26,12.86,7.09,5.26,5.34,1.82,1.67,3.58,8.75,3.69,7.25
IRL,3.47,1.47,-0.27,-0.7,1.39,2.8,6.54,-3.47,-4.56,1.15,0.57,1.06,-2.24,-2.14,-1.33,-2.07,-2.03,-0.67,-1.41,-0.25,6.45
IRN,16.3,17.7,13.0,13.0,10.3,20.65,31.02,11.87,12.42,26.07,37.99,50.08,13.75,10.52,6.57,12.52,23.13,55.71,27.77,59.22,58.62
ISL,4.21,-2.66,1.07,-2.57,7.97,-1.06,15.99,17.53,4.24,3.83,6.09,5.09,0.51,2.84,1.32,-2.42,2.49,3.8,4.9,3.51,6.97
ISR,2.77,2.83,-0.64,1.66,5.1,4.1,12.27,1.07,2.45,3.34,0.53,5.21,-1.35,0.04,-1.27,0.04,0.92,2.08,-0.01,0.99,4.35
ITA,3.64,3.19,2.16,-0.07,1.71,2.9,5.39,1.8,0.2,2.47,2.52,2.37,0.13,1.1,0.17,1.88,1.22,0.77,1.4,0.58,8.75
JAM,6.63,9.07,14.34,19.35,6.29,11.91,30.67,13.05,10.1,7.69,10.82,12.5,8.62,7.77,3.98,4.46,4.08,6.33,10.83,6.72,12.59
JOR,0.2,2.6,4.6,5.1,7.4,9.53,19.79,1.7,4.53,4.22,4.56,4.23,0.32,1.12,-3.48,-0.41,3.23,0.28,2.33,0.1,3.68
JPN,-0.81,-0.17,0.95,-0.94,0.5,0.33,2.6,0.21,-0.35,-0.4,0.09,-0.12,3.82,3.08,1.69,0.72,1.41,0.22,1.2,-0.05,4.66
KAZ,6.8,7.0,7.7,8.1,8.7,12.2,23.4,13.87,9.01,7.83,4.34,4.14,6.65,6.56,12.79,8.58,4.73,8.09,10.44,10.77,18.47
KEN,1.4,16.3,19.0,14.6,27.9,10.9,35.1,27.81,18.89,20.51,9.98,7.26,8.71,11.39,10.08,13.37,1.55,7.96,9.13,8.45,12.8
KGZ,0.2,2.8,3.2,5.3,8.8,1.84,-0.78,-2.21,2.68,-1.68,0.06,-0.22,0.95,-1.44,-0.07,2.46,-2.16,1.41,11.68,17.97,14.36
KHM,1.8,1.5,6.4,8.4,6.5,10.0,33.0,1.7,2.3,6.14,3.51,3.88,4.89,4.02,5.6,3.39,2.46,2.07,4.65,2.75,5.25
KOR,4.81,4.65,8.07,3.11,0.53,2.5,4.95,7.58,6.41,8.14,3.96,0.86,0.29,1.65,2.31,3.4,2.77,0.05,4.43,5.89,5.97
KWT,0.7,5.4,3.2,8.5,3.9,4.7,11.7,3.2,8.4,7.54,4.78,4.01,2.9,3.39,1.71,0.16,0.05,1.08,4.88,9.48,7.84
LCA,-1.2,2.1,0.8,7.1,3.3,6.39,7.91,3.13,-0.18,2.73,6.51,5.06,2.09,0.23,-3.22,-1.45,3.66,2.17,-2.21,-0.05,3.44
LSO,26.6,5.6,4.0,2.6,8.98,14.15,15.68,8.5,3.5,6.97,9.86,5.38,5.31,6.14,11.84,6.43,4.44,6.83,10.34,9.64,8.56
LTU,-0.71,-3.7,2.22,3.92,6.09,11.26,15.93,1.64,-0.45,8.25,3.05,1.67,0.77,-0.86,1.23,3.56,1.44,2.93,2.26,2.77,25.4
LUX,3.91,1.93,1.83,1.64,2.37,3.36,5.37,1.43,0.87,2.56,2.57,3.65,0.56,0.77,1.53,2.82,2.21,1.4,2.73,0.9,6.64
LVA,3.42,2.63,7.37,9.21,8.15,13.48,18.26,-0.06,-0.29,8.44,2.31,1.34,-0.28,-1.26,1.07,5.59,0.58,2.92,2.38,2.24,20.86
MDA,4.3,13.6,12.7,10.6,9.1,10.9,15.4,-5.6,6.3,8.9,8.9,-0.2,-0.2,0.73,-0.92,0.47,5.51,7.61,7.35,7.11,32.48
MDG,15.0,-3.7,19.3,26.4,6.2,11.8,10.4,8.3,6.4,13.5,5.17,4.96,5.41,6.52,6.39,9.3,10.86,4.82,3.81,7.44,7.74
MDV,3.6,-6.1,16.0,2.1,4.0,16.2,19.1,0.5,7.5,19.93,17.63,7.16,0.72,0.48,0.58,6.13,-1.08,-0.79,2.73,1.8,4.48
MEX,3.75,5.53,7.22,5.37,3.66,6.62,8.15,8.82,3.31,4.36,8.12,5.17,4.74,3.99,4.47,6.97,4.8,4.39,6.62,7.23,13.29
MKD,1.8,-1.79,-2.88,-1.2,2.06,3.72,14.87,-1.2,0.12,6.16,2.29,3.43,-0.97,0.07,-1.3,0.25,0.82,1.62,2.41,3.13,18.87
MLI,7.2,-4.1,-7.0,11.3,-0.4,1.84,13.01,3.15,5.12,5.14,8.04,-3.28,-0.21,3.05,-3.27,2.53,2.16,-5.37,2.5,5.18,14.32
MLT,1.3,1.7,0.21,1.76,2.0,4.36,8.03,6.37,1.02,3.84,4.7,4.78,0.53,2.97,2.16,3.46,2.92,3.62,2.14,2.35,10.02
MOZ,19.6,12.5,10.8,5.4,17.0,10.3,18.86,7.01,15.32,13.18,3.13,5.35,3.83,5.22,27.23,16.39,0.01,3.28,7.6,10.94,12.43
MRT,4.4,6.0,6.0,13.7,5.4,10.5,9.6,2.6,7.6,6.36,4.3,4.41,5.07,5.64,2.28,3.08,4.2,2.72,2.19,5.79,13.0
MUS,2.8,2.8,6.0,5.83,10.04,15.55,15.84,4.08,3.71,5.86,2.16,3.41,4.62,3.24,1.06,3.73,5.81,0.72,6.22,4.33,14.5
MYS,0.7,1.3,2.1,3.7,3.39,3.02,8.84,4.13,2.39,4.81,2.69,3.56,3.34,3.63,3.78,3.98,1.63,1.65,1.27,1.77,5.3
NAM,19.5,9.06,0.98,1.3,6.49,11.94,16.79,10.54,3.17,4.93,9.04,6.51,8.26,5.64,10.77,5.6,3.18,4.3,5.22,5.73,7.18
NCL,4.5,-4.7,-1.5,14.9,-1.82,-0.53,20.36,11.17,0.33,3.43,3.23,4.44,-1.27,0.46,-1.21,0.75,-0.57,-4.59,-0.21,7.47,8.15
NER,4.5,-4.7,-1.5,14.9,-1.82,-0.53,20.36,11.17,0.33,3.43,3.23,4.44,-1.27,0.46,-1.21,0.75,-0.57,-4.59,-0.21,7.47,8.15
NGA,13.9,6.4,14.45,22.78,5.58,2.13,15.92,14.7,14.86,10.19,11.18,9.51,9.45,9.86,14.83,19.45,14.32,13.68,16.08,20.3,20.06
NIC,3.2,4.3,10.7,11.5,9.1,17.2,29.4,2.4,4.5,9.11,8.6,9.39,7.87,4.74,1.52,0.58,4.18,4.58,5.13,6.38,15.64
NLD,3.28,1.11,-3.47,-1.29,1.64,1.03,5.63,1.08,-0.08,2.21,2.02,2.41,-0.06,0.65,0.95,2.66,0.79,4.05,1.9,-0.21,10.15
NOR,-1.71,3.36,1.81,1.6,1.39,2.71,4.21,4.18,0.21,-0.09,1.21,1.05,3.09,2.89,2.58,0.01,2.53,1.07,3.27,-2.03,6.1
NZL,2.91,-0.44,0.36,1.24,2.98,3.98,8.44,6.05,0.95,5.2,-0.72,0.43,0.31,-0.06,-0.6,2.17,-0.24,1.08,3.18,1.76,7.6
OMN,0.14,1.12,1.28,4.45,6.31,10.98,22.68,0.0,1.77,4.6,2.17,2.76,1.74,-0.81,-1.17,0.55,-0.7,1.21,1.25,0.83,5.24
PAK,2.5,2.5,10.7,9.9,8.5,10.8,27.6,13.3,17.02,14.56,8.48,8.17,5.79,0.55,2.46,3.29,2.19,11.63,15.38,10.51,22.68
PAN,-0.6,1.2,1.3,4.2,1.31,6.72,14.93,5.77,2.87,5.91,8.08,5.75,3.04,-1.69,1.47,-0.54,-0.64,0.49,-0.82,1.64,3.38
PHL,2.01,0.99,6.01,6.34,5.18,3.72,12.94,6.27,3.98,5.48,2.59,2.53,5.77,1.89,1.58,3.05,6.85,2.06,2.73,4.56,5.47
PNG,17.1,13.3,0.5,3.5,5.3,0.6,16.6,7.2,5.4,-0.54,-1.06,-1.72,4.9,4.86,5.07,2.83,0.81,3.01,2.23,4.36,5.68
POL,-0.66,-1.19,6.2,2.17,0.63,4.5,5.67,4.56,2.76,5.11,4.11,1.94,-0.92,-1.63,0.89,4.35,2.56,4.85,4.73,3.18,14.81
PRT,1.53,2.31,1.12,-0.57,2.69,2.45,3.72,-3.44,-0.24,2.1,3.2,1.94,-1.34,1.01,0.49,1.53,0.74,0.32,2.09,0.74,12.33
PRY,10.89,22.79,7.66,5.74,15.67,17.41,15.82,0.6,8.51,13.33,-1.89,3.22,6.45,2.95,5.86,5.74,3.9,1.16,1.21,9.22,16.65
QAT,1.3,-0.4,3.6,3.2,6.9,7.4,19.9,11.0,2.1,3.46,3.13,2.3,0.23,0.84,-1.85,1.92,-0.05,0.02,0.26,2.67,4.76
ROU,18.5,14.83,9.56,6.16,3.9,3.9,9.22,3.26,2.34,6.02,1.91,2.96,-1.63,-3.8,-2.58,2.48,3.75,4.7,4.8,2.81,15.73
RUS,12.2,11.2,10.3,13.39,9.19,8.8,21.12,11.61,6.59,10.86,3.29,6.15,9.96,20.99,5.76,2.7,1.62,5.05,3.9,9.6,12.85
RWA,-1.2,13.8,18.9,10.1,9.92,7.83,16.32,16.25,1.66,6.54,12.41,5.09,1.17,3.86,10.81,9.45,2.88,3.72,15.4,-4.15,25.02
SAU,-0.6,2.58,2.76,3.0,5.34,6.97,14.11,1.96,6.27,5.15,4.44,5.83,1.37,0.64,-1.3,-0.83,6.48,2.07,9.0,5.39,3.67
SEN,4.76,-0.61,0.75,3.89,1.37,7.27,13.01,-3.24,3.97,6.66,2.48,1.3,-1.86,1.81,3.31,3.74,1.06,0.98,3.3,2.78,13.94
SGP,0.03,0.6,2.02,1.29,1.55,2.96,7.73,2.27,1.36,3.05,2.33,2.11,2.91,1.93,2.05,1.4,1.44,1.53,1.86,1.6,4.92
SLE,-0.8,7.5,7.5,7.3,7.3,11.0,8.51,8.3,8.59,7.75,6.71,5.68,4.66,8.36,12.57,19.44,17.7,8.81,8.55,16.96,26.77
SLV,1.9,1.9,6.3,6.2,3.1,6.3,12.1,-4.3,1.02,6.94,0.3,2.39,3.19,1.37,-0.56,0.16,0.53,1.16,1.58,2.27,12.17
SVK,1.43,3.38,4.8,-1.37,1.42,3.99,7.67,-3.23,1.61,6.06,4.19,3.51,-0.78,-0.29,-2.78,3.97,3.9,4.0,2.52,1.83,17.67
SVN,7.51,4.46,0.53,-1.01,2.28,8.02,10.02,0.49,0.7,4.39,4.11,3.6,-0.3,0.83,0.92,2.22,2.67,1.6,3.52,-0.2,11.63
SWE,3.25,0.32,-0.44,-0.69,0.76,2.03,6.91,2.89,1.45,1.28,1.48,2.21,0.37,2.33,1.05,2.14,2.37,34.36,2.14,0.41,10.65
TCD,6.21,-2.56,-5.36,11.38,-1.98,-11.07,16.32,9.3,-3.82,1.65,12.34,-1.62,2.52,2.47,-2.71,-3.72,-1.86,-5.39,9.44,-1.63,5.93
TGO,3.9,-5.7,-1.2,1.83,2.47,3.89,5.67,9.5,-0.34,1.15,3.37,0.57,-4.35,5.88,3.15,-4.15,0.31,-0.52,3.39,9.83,12.07
THA,0.44,3.69,4.52,4.95,4.56,4.04,11.59,4.4,5.44,7.96,4.85,3.41,3.94,1.13,1.61,0.0,0.41,2.31,1.23,-0.13,6.49
TON,16.8,9.6,9.1,6.0,2.94,7.35,7.69,7.85,2.98,6.57,1.47,1.86,3.65,1.86,1.33,8.6,9.1,1.73,1.9,7.24,10.24
TTO,10.12,13.65,12.88,22.99,23.13,17.45,25.9,12.68,22.07,10.47,19.09,8.73,10.04,8.56,7.47,2.92,1.12,0.57,2.8,4.4,9.04
TUN,4.0,3.4,4.9,0.1,5.4,2.8,6.2,4.3,9.39,4.58,7.03,7.18,4.95,4.51,2.72,5.63,7.25,6.87,4.66,6.34,9.72
TUR,49.58,22.66,6.81,4.93,9.7,12.42,12.79,8.02,10.58,6.24,8.41,9.1,12.62,11.15,5.79,12.7,17.96,19.54,13.85,24.28,85.17
TZA,4.1,6.53,8.24,4.74,7.0,7.01,12.65,17.53,7.64,15.97,20.59,8.47,7.43,8.41,7.5,9.12,2.96,2.86,4.79,4.26,6.87
UGA,3.24,-0.21,-3.07,-6.87,5.94,2.66,19.85,25.25,2.66,29.26,13.61,2.25,3.82,7.43,5.53,10.1,-1.19,-0.2,1.76,0.67,12.64
UKR,0.0,6.2,11.3,16.6,5.31,9.64,35.68,11.94,10.88,6.42,-2.13,-2.16,12.05,45.92,8.96,12.88,11.15,8.0,2.74,10.79,25.26
URY,15.03,22.53,11.39,3.04,5.64,16.15,13.7,5.2,5.99,9.54,8.39,10.68,10.42,9.47,9.62,2.81,8.34,8.76,13.76,6.8,10.95
USA,1.84,2.14,3.37,2.43,2.35,3.91,5.37,1.88,0.79,3.58,2.55,1.41,2.31,1.8,0.34,0.88,1.4,0.89,3.51,3.47,11.35
VEN,28.31,37.61,33.81,21.14,20.07,26.83,42.82,27.96,32.97,29.92,24.8,54.15,86.73,218.67,217.74,482.7,38386.0,17710.79,2220.0,1934.56,193.71
VNM,7.6,2.51,12.52,11.08,8.68,11.23,36.89,8.46,11.41,26.69,7.9,2.69,4.0,1.48,2.61,-1.08,3.24,4.07,9.44,0.73,1.96
ZAF,17.39,8.07,1.88,2.0,6.1,9.51,15.31,9.53,1.37,7.13,7.15,5.7,7.6,5.12,10.53,6.95,3.58,3.55,4.39,6.1,8.97
ZMB,27.1,22.1,16.4,18.6,4.9,5.3,13.8,14.2,5.2,4.83,7.01,6.52,7.25,11.08,21.26,5.76,7.14,10.44,16.24,27.71,15.68
ZWE,135.1,386.4,369.5,223.9,1034.2,7375.3,7375.3,-15.08,3.83,3.99,4.62,1.69,-3.12,-3.34,-3.26,2.5,14.59,86.12,601.02,105.8,63.31
AUS,4.77,26.14,2.18,2.39,-12.31,31.31,3.83,2.12,58.17,2.45,2.11,1.13,2.57,2.33,27.38,5.54,1.54,1.49,0.44,1.41,5.05
AUT,2.16,1.41,1.78,1.69,0.92,1.62,1.94,1.77,1.41,2.35,2.09,2.07,1.98,1.85,1.47,1.97,1.81,1.65,1.9,2.15,5.28
ARM,0.14,2.5,4.92,0.79,2.71,3.78,11.75,3.69,7.49,8.63,5.26,5.85,1.88,5.14,-2.02,0.7,3.7,1.17,1.3,7.23,8.28
BEL,-8.18,24.44,1.87,2.14,0.61,1.63,1.94,1.94,1.4,1.81,2.24,1.35,1.57,1.37,1.96,1.52,1.31,3.77,1.48,1.61,4.42
BRA,8.38,13.08,7.92,7.45,4.52,3.56,4.92,5.18,5.03,6.48,5.6,5.81,6.49,8.61,7.61,4.47,3.28,3.52,2.23,5.1,8.94
CAN,2.68,2.42,1.34,1.36,1.27,2.04,1.06,1.69,1.34,1.43,1.35,0.83,1.56,2.55,2.02,1.78,2.02,2.29,1.29,2.4,5.03
CHE,0.63,-0.78,0.8,0.82,0.71,0.63,1.45,1.09,0.22,2.61,0.27,-0.85,-0.01,-0.35,-0.33,0.29,0.37,0.46,-0.25,0.36,1.71
CHL,2.68,1.63,1.22,2.38,2.99,2.35,5.18,1.16,0.53,1.25,2.21,1.49,3.59,4.67,4.0,2.03,1.72,2.21,2.29,3.82,8.97
COL,5.78,6.44,5.66,4.62,3.72,5.79,5.61,4.66,2.83,2.88,3.31,2.48,2.77,4.19,6.58,5.06,3.35,3.44,2.25,2.07,6.22
CRI,8.81,9.77,9.54,10.41,10.81,7.94,12.46,9.76,5.14,4.58,4.63,5.31,4.34,1.81,0.14,1.24,2.1,2.38,1.31,0.88,1.88
CZE,0.56,-0.01,1.5,0.49,0.67,1.46,2.11,-0.84,0.09,1.07,0.78,0.06,0.75,0.15,0.51,2.57,1.86,2.22,3.63,4.99,12.18
DEU,1.56,0.94,1.71,1.06,1.13,1.94,1.44,1.27,0.71,0.92,1.28,1.26,1.37,1.67,1.21,1.23,1.31,1.49,0.96,2.13,3.72
DNK,2.52,2.32,1.3,1.38,1.4,1.41,13.46,2.26,1.84,1.81,1.9,1.21,0.87,-19.08,2.05,14.47,0.65,0.76,0.93,1.2,3.87
DOM,4.84,23.72,47.11,4.9,5.09,4.58,7.22,5.18,3.46,5.54,3.71,4.88,3.24,2.23,1.68,2.18,2.58,2.14,3.63,5.92,7.07
ESP,2.84,2.9,35.36,2.48,2.75,44.43,1.04,-3.83,0.57,1.3,24.55,1.08,-0.05,0.52,0.84,1.13,0.93,0.96,0.57,0.57,3.62
EST,2.92,2.41,1.22,1.87,3.31,5.43,6.46,1.87,0.75,2.3,2.2,1.41,1.0,1.42,1.33,2.12,2.3,2.12,0.15,2.78,9.5
FIN,1.54,0.61,-0.21,0.19,1.27,2.64,2.55,0.4,1.19,2.04,2.27,0.98,1.46,0.56,0.96,0.66,0.68,0.83,0.5,1.73,3.97
FRA,1.79,2.1,2.17,1.54,1.29,-11.35,14.63,-11.68,17.02,1.1,1.35,0.87,1.0,0.55,0.42,8.94,1.01,0.74,0.97,0.96,2.72
GBR,1.48,1.28,1.07,1.44,1.7,1.9,1.9,1.6,2.0,2.8,2.1,1.9,1.6,1.3,1.6,2.3,1.9,1.7,1.5,2.3,5.26
GRC,3.42,5.93,3.18,3.16,2.45,2.74,6.95,2.23,3.39,1.88,0.2,-2.02,-1.24,-1.01,-1.13,0.45,22.3,-2.43,-0.67,-0.62,3.17
GTM,6.79,4.71,5.71,6.65,5.1,4.85,8.14,2.67,2.49,4.7,3.93,3.78,3.16,3.19,3.12,2.96,2.72,3.04,2.41,3.0,4.25
HND,8.42,7.7,7.64,7.88,5.99,6.59,9.91,7.18,3.96,5.58,6.15,5.69,5.93,4.83,3.55,3.96,3.85,4.04,3.98,4.59,7.92
HRV,2.91,1.82,2.28,1.96,3.45,3.23,3.45,3.57,0.48,0.6,0.96,1.04,0.44,0.73,0.14,0.71,0.86,0.91,1.0,1.61,6.12
HUN,5.84,4.53,5.7,2.06,2.23,5.3,5.08,4.12,2.99,2.73,5.07,3.33,2.17,1.21,1.39,2.32,2.48,3.78,3.05,4.55,9.8
IRL,17.0,3.92,2.37,2.45,4.17,5.87,3.26,-4.34,-1.22,26.63,-2.24,0.66,0.93,-12.55,0.96,0.33,0.14,1.13,0.27,1.8,4.67
ISL,6.17,3.03,3.21,5.05,6.29,6.55,11.4,11.39,4.68,2.61,4.59,4.1,2.73,2.09,2.16,2.43,2.53,2.93,2.89,4.38,7.67
ISR,5.95,-0.27,-1.21,0.11,1.43,0.05,2.82,4.25,2.86,2.96,1.26,0.88,0.76,0.5,0.05,-0.02,0.68,0.9,-0.14,1.25,3.85
ITA,-22.89,2.48,2.13,2.05,1.73,1.91,35.2,-13.39,13.78,-3.33,1.75,1.12,0.83,0.68,-28.62,0.69,0.61,0.6,0.49,0.8,2.79
JPN,-0.77,-0.3,-0.39,-0.31,-0.23,-0.14,0.35,-0.78,-1.1,-0.75,-0.49,-0.09,1.98,1.02,0.4,-0.07,0.19,0.45,0.11,-0.73,0.19
KOR,2.97,3.06,2.93,2.35,1.8,2.32,4.26,3.55,1.76,3.18,1.68,1.65,1.99,2.2,1.6,1.48,1.17,0.89,0.35,1.37,3.56
LTU,0.48,0.74,0.65,1.17,2.27,5.08,8.98,3.93,0.07,2.29,2.26,1.25,1.0,1.24,2.23,3.89,2.18,2.41,3.06,3.5,10.05
LUX,-27.15,28.19,-19.78,27.67,12.35,2.12,1.99,2.02,1.58,2.39,2.09,2.08,1.31,1.61,0.95,1.37,0.88,1.8,1.29,1.57,4.04
LVA,1.64,0.76,4.42,4.32,4.75,8.45,12.16,5.38,-2.19,0.81,0.36,0.16,1.83,1.81,1.55,1.6,2.25,2.78,1.22,1.88,6.85
MAR,1.6,1.1,1.5,1.6,3.1,1.7,4.5,0.7,0.4,1.8,0.9,1.5,1.2,1.4,0.8,1.3,1.8,0.58,0.54,1.59,5.42
MEX,4.49,3.86,3.82,3.54,3.34,3.84,4.72,5.01,3.89,3.21,3.42,2.72,3.18,2.36,2.97,4.68,3.82,3.71,3.2,3.86,5.95
MUS,4.76,6.63,15.0,15.93,12.67,6.59,9.55,3.79,2.78,4.75,3.06,2.57,3.11,1.75,2.25,2.18,1.79,1.77,3.06,4.48,7.3
NGA,8.09,19.8,13.08,10.48,13.89,2.91,6.71,11.17,11.98,10.64,13.26,6.78,7.16,8.16,12.59,12.96,11.19,9.76,10.85,13.75,15.53
NLD,3.39,2.09,1.62,1.33,0.41,1.47,2.2,4.84,1.68,1.68,1.95,2.74,1.48,1.37,32.3,0.95,1.31,7.17,2.17,1.92,4.08
NOR,2.02,1.1,0.5,1.39,0.99,1.67,2.31,2.59,1.45,1.83,1.57,1.65,2.47,2.61,3.26,1.73,1.2,2.59,3.14,1.66,3.49
NZL,2.73,1.83,2.15,2.84,2.78,2.35,1.96,2.61,1.88,2.62,1.3,1.24,1.48,1.27,1.37,1.4,1.15,1.84,2.31,3.71,5.74
PER,1.12,0.99,1.08,1.14,1.37,1.95,4.57,4.36,1.92,2.97,3.58,3.5,3.5,3.82,4.0,2.97,2.33,2.39,1.78,2.4,5.51
PHL,3.3,2.5,4.2,6.2,5.4,2.9,5.8,4.2,3.6,4.3,3.7,2.9,3.0,2.1,1.9,2.9,3.92,3.03,3.22,3.59,4.43
POL,2.69,0.73,1.75,1.34,0.31,1.08,2.48,2.85,1.67,2.43,2.19,1.2,0.64,0.32,-0.25,0.78,0.74,1.89,3.88,4.1,8.85
PRT,4.76,3.36,2.51,-17.32,13.24,2.35,1.99,1.12,0.99,-1.11,-20.14,0.19,0.07,-24.85,0.74,1.09,0.67,0.49,-0.04,0.75,5.45
PRY,9.79,13.28,3.09,5.28,9.1,6.44,10.63,2.84,4.84,7.93,2.7,3.8,4.74,3.72,4.69,4.7,3.2,2.63,2.7,4.57,7.54
SAU,-0.63,-1.04,-1.12,-2.54,-0.38,1.31,0.93,1.85,1.15,1.42,2.87,2.03,1.18,0.89,2.08,-1.16,3.06,-0.36,3.55,4.9,1.19
SGP,-0.05,0.94,1.99,1.26,1.72,2.2,5.67,-0.02,1.52,2.17,2.55,1.71,1.95,0.5,0.9,1.45,1.68,1.04,-0.16,0.93,3.91
SLV,-0.17,4.49,6.55,5.97,8.78,7.0,14.65,-17.56,-0.4,2.27,1.22,0.69,0.5,0.22,-0.02,0.12,0.19,0.07,0.32,2.11,4.88
SVK,4.02,3.45,3.21,1.82,2.77,2.68,3.86,1.38,0.79,1.36,2.56,0.84,0.28,0.16,0.21,1.49,2.48,1.92,2.16,4.11,10.4
SVN,7.95,5.84,3.15,1.14,1.58,3.79,4.95,1.54,0.3,0.85,1.72,1.71,0.46,0.45,0.62,1.06,1.2,1.69,0.69,1.08,5.65
SWE,1.99,1.09,0.18,0.01,0.75,2.56,2.07,-0.95,0.51,3.01,0.87,-0.24,-0.02,0.02,0.9,1.37,1.09,1.52,1.19,1.3,5.47
THA,0.44,-0.27,0.27,1.61,2.4,0.8,0.04,-1.09,0.82,0.55,0.86,0.82,0.64,0.89,0.69,0.33,0.53,0.36,0.07,0.0,0.54
TTO,0.6,0.39,1.64,2.57,3.63,4.32,6.16,4.15,4.31,1.72,2.48,2.38,1.99,1.84,2.14,1.66,0.98,1.12,0.09,1.52,3.96
TUN,1.68,1.78,2.23,2.22,2.49,2.32,3.27,3.01,2.85,2.88,4.18,4.57,4.27,4.67,4.38,5.42,7.49,6.91,6.66,5.68,7.14
TUR,43.16,21.85,9.75,8.85,7.36,7.11,6.22,4.4,4.13,5.66,7.21,6.27,9.17,8.04,8.47,10.09,16.46,13.45,11.19,18.28,57.52
TWN,-0.01,-0.69,0.33,0.15,0.52,1.05,1.28,-0.55,0.5,0.76,0.64,0.36,0.37,0.36,0.56,0.7,0.95,0.3,0.22,1.27,1.77
USA,2.32,1.46,1.76,2.17,2.5,2.34,2.3,1.7,0.96,1.66,2.11,1.76,1.75,1.83,2.21,1.84,2.14,2.19,1.7,3.57,6.22
ARM,3.59,8.86,20.97,7.58,0.92,0.65,3.33,7.07,22.57,9.12,6.98,4.72,8.47,-0.77,1.51,2.16,0.08,0.63,2.98,9.87,3.54
AUS,0.22,-1.23,7.66,6.04,6.14,2.29,8.08,-5.5,7.08,8.91,3.72,-0.5,-3.47,-4.94,-1.43,8.49,5.21,1.01,-3.71,5.74,6.74
AUT,-1.14,-0.06,1.73,3.1,1.69,2.77,3.49,-1.56,2.74,4.06,0.88,-0.88,-1.1,-1.48,-1.83,1.96,2.38,0.11,-1.59,7.95,19.89
BEL,0.22,-1.23,7.66,6.04,6.14,2.29,8.08,-5.5,7.08,8.91,3.72,-0.5,-3.47,-2.0,-1.42,8.49,5.21,1.02,-3.71,17.34,38.21
BGR,1.29,4.94,5.97,8.11,12.89,7.57,10.32,-6.89,8.93,9.58,4.08,-1.63,-1.25,-1.98,-3.11,4.98,3.95,3.07,-1.9,15.29,38.76
BLR,-1.83,3.01,1.22,3.23,4.01,1.22,4.14,-3.3,1.85,4.15,1.72,-0.19,-0.54,-0.54,-1.24,1.94,1.86,0.94,-0.76,12.24,15.72
BRA,16.66,27.56,10.46,5.56,0.81,5.6,13.7,-0.21,5.72,9.44,5.89,5.93,4.59,5.98,3.91,2.63,11.28,29.17,17.83,35.41,19.05
CAN,0.06,-1.22,3.2,1.64,2.27,1.54,4.35,-3.5,1.5,6.94,1.1,0.41,2.49,-0.84,-0.2,3.13,3.85,-0.12,-0.46,13.88,13.49
CHE,-0.48,-0.7,0.68,1.09,2.03,2.31,3.05,-1.51,-0.16,-1.2,-0.46,0.19,-0.82,-3.57,-1.49,-0.47,1.41,-0.32,-0.55,1.22,4.16
CHN,-2.26,2.34,6.1,5.29,3.63,3.26,7.27,-5.07,6.26,6.44,-1.71,-1.9,-1.88,-5.19,-1.0,6.25,3.59,-0.47,-1.83,1.65,8.74
COL,5.29,9.13,5.16,3.14,4.18,1.02,7.22,1.94,-0.89,8.83,-0.08,-1.28,2.91,3.89,5.4,0.87,5.14,4.34,3.22,8.67,18.29
CRI,7.68,11.68,16.72,15.32,13.91,13.85,25.45,1.74,3.0,9.46,3.77,2.46,4.47,1.29,-1.06,2.32,3.3,2.6,0.14,2.74,8.93
CYP,2.22,3.19,4.05,5.24,5.13,3.3,10.93,-1.66,3.74,5.04,6.86,-2.05,-2.83,-5.14,-4.12,3.09,2.33,2.46,-2.52,6.57,21.55
CZE,-0.54,-0.33,5.67,3.01,1.57,4.17,4.18,-3.13,1.2,5.52,2.15,0.79,-0.75,-3.2,-3.25,1.84,2.05,2.56,0.11,5.75,13.5
DEU,-1.83,3.01,1.22,3.23,4.01,1.22,4.14,-3.3,1.85,4.15,1.72,-0.19,-0.54,-0.54,-1.24,1.94,1.86,0.94,-0.76,7.48,23.76
DNK,1.9,-0.41,2.39,7.88,7.45,1.94,12.74,-10.38,7.36,8.6,2.3,1.62,-0.99,-3.68,-1.4,2.5,4.3,-0.65,-2.74,13.64,34.18
ECU,4.81,2.91,5.4,4.22,3.1,7.81,11.78,-0.35,6.11,5.48,2.84,1.18,3.86,1.97,0.05,-0.66,1.31,-0.12,-0.96,0.87,6.79
ESP,0.35,0.72,3.15,4.5,5.1,3.18,5.74,-3.33,3.97,6.45,3.38,-0.06,-1.46,-1.48,-2.72,4.15,2.41,-0.31,-3.55,14.83,35.15
EST,-0.16,0.19,2.87,2.13,4.4,8.25,7.03,-0.61,3.32,4.44,2.3,4.12,-1.57,-2.05,-0.71,3.6,2.64,-0.19,-2.44,12.47,30.16
FIN,-1.23,-0.13,1.57,3.76,5.69,4.03,5.65,-6.41,4.17,5.59,1.36,-0.37,-0.97,-1.96,-2.3,3.57,4.7,0.31,-4.65,12.71,25.16
FRA,0.47,0.63,1.87,2.98,3.18,2.12,4.63,-4.73,2.54,4.56,2.31,-0.02,-1.32,-1.64,-2.23,2.35,2.38,0.48,-1.92,8.67,24.19
GBR,-0.4,0.2,2.59,7.9,6.42,1.6,14.73,-0.61,4.79,9.13,2.36,3.25,-7.37,-6.64,1.97,6.11,3.7,0.82,-0.06,5.04,17.17
GEO,6.32,3.34,4.64,7.45,10.82,11.59,9.76,-5.48,11.34,12.82,1.62,-2.0,2.86,7.5,-0.13,10.97,6.11,7.18,11.75,16.72,14.46
GRC,0.22,-1.23,7.66,6.04,6.14,2.29,8.08,-5.5,7.08,8.91,3.72,-0.5,-3.47,-4.94,-1.43,8.49,5.21,1.01,5.32,13.75,39.92
HRV,-0.39,1.31,3.36,4.33,1.46,3.69,6.82,-2.31,4.24,7.13,5.3,-0.23,-2.5,-3.68,-3.97,2.01,2.12,0.7,-3.32,8.03,21.12
HUN,-0.25,1.84,4.03,4.2,7.41,0.78,5.6,4.48,3.68,4.22,4.13,0.76,-0.41,-0.95,-1.7,3.29,5.51,2.13,4.23,13.5,22.12
IND,2.44,5.33,6.18,4.62,6.0,4.89,8.67,2.35,9.58,9.44,7.32,5.42,3.35,-3.89,-0.05,3.44,4.27,1.88,0.47,10.77,13.56
IRL,-1.14,-8.09,-2.41,-0.49,0.79,-1.99,-1.39,0.44,-0.3,0.68,1.84,-0.41,-1.29,5.38,-1.23,-0.15,-1.77,-1.48,-8.72,-0.93,10.82
ISR,3.87,4.33,5.43,6.25,5.69,3.45,9.6,-6.35,3.98,7.76,4.33,0.42,-1.37,-5.86,-3.62,1.45,3.33,-1.11,-4.9,6.83,13.78
ITA,0.06,0.92,2.27,3.53,4.48,3.04,5.1,-4.71,2.94,4.77,3.58,-1.09,-1.44,-2.68,-1.93,2.34,3.29,0.18,56.14,6.22,14.41
JPN,-2.08,-0.83,1.27,1.66,2.17,1.74,4.57,-5.25,-0.57,1.43,-0.86,1.24,3.21,-2.29,-3.5,2.34,2.51,4.12,3.0,4.75,8.51
KAZ,0.24,9.28,16.73,23.7,18.44,12.35,36.84,-22.05,25.17,27.23,3.54,-0.34,9.47,-20.52,16.84,15.29,18.96,5.09,-7.93,32.46,29.82
KGZ,5.34,5.62,8.79,3.12,15.91,11.77,25.35,11.33,23.12,21.8,-2.15,-6.08,0.23,9.11,6.41,1.66,1.48,4.27,20.8,11.97,6.6
KOR,0.22,-1.23,7.66,6.04,6.14,2.29,8.08,-5.5,7.08,8.91,3.72,-0.5,-3.47,-4.94,-1.43,8.49,5.21,1.01,-0.46,6.38,9.01
LTU,-2.72,-0.57,5.94,11.59,7.36,6.89,18.18,-13.47,10.28,13.89,5.01,-2.36,-4.93,-9.62,-4.37,5.06,5.62,-0.08,-8.88,9.62,26.35
LUX,-1.03,0.94,10.19,6.19,6.34,5.92,6.13,-9.92,5.18,8.54,0.24,-3.47,-1.97,-0.83,-1.17,2.92,4.56,-1.87,-1.95,11.32,27.94
LVA,0.43,3.41,8.08,7.93,10.22,16.11,11.71,-4.18,2.84,7.62,3.72,1.79,0.41,-0.94,-2.41,2.45,4.39,1.75,-1.87,13.07,29.78
MEX,5.1,8.3,7.99,4.71,5.58,4.42,7.11,4.46,4.21,5.22,4.63,1.37,2.67,2.93,5.67,6.91,5.47,2.92,4.78,7.09,9.29
MKD,-0.77,0.02,0.92,3.16,6.85,2.52,10.12,-7.23,11.73,11.87,1.37,-1.37,-1.98,-3.87,-3.1,4.79,0.89,2.09,0.65,11.13,18.99
MLT,-2.29,-5.35,-3.27,-0.61,5.85,-4.82,-1.23,-1.17,1.28,2.15,-1.39,-3.0,-0.59,-2.17,-0.18,1.51,4.36,2.18,0.32,3.21,5.8
MNE,7.4,4.67,6.26,2.04,3.75,8.72,16.04,-5.42,-0.52,3.61,1.92,1.78,0.58,0.26,-0.41,1.75,1.75,2.42,-0.04,1.29,10.76
MYS,-0.76,4.6,6.98,6.86,5.26,5.53,10.19,-7.32,5.96,12.32,-0.47,-2.7,1.52,-7.45,-1.05,6.69,-1.14,-1.35,-2.66,9.46,8.7
NLD,-1.34,0.72,3.76,6.4,5.16,4.96,7.42,-11.56,8.96,10.9,0.42,-1.15,-1.64,-4.96,-2.48,4.82,2.98,0.93,1.59,12.52,26.3
NOR,-3.3,3.59,11.74,16.51,12.83,0.0,22.82,-0.77,18.37,16.28,2.74,0.65,-1.4,-8.1,-8.02,9.28,14.82,-3.57,-10.16,37.75,64.26
NZL,0.13,-0.77,1.88,4.65,6.21,2.38,10.72,-1.54,2.72,4.7,0.98,1.54,0.07,-2.16,0.48,4.5,4.21,2.24,21.3,5.71,5.77
PER,-1.05,1.7,5.21,2.29,3.19,2.49,8.91,-1.76,1.83,6.34,1.77,0.38,1.83,1.77,1.58,1.15,1.63,1.18,0.22,9.35,11.25
PHL,2.03,8.64,12.03,9.04,11.17,-0.72,4.07,-1.37,-4.93,0.92,-0.58,-7.57,-0.92,-6.72,-4.77,-0.93,0.68,1.63,-4.04,-1.78,5.91
POL,1.16,2.68,7.14,0.72,2.21,2.22,2.25,3.38,2.15,7.49,3.23,-1.31,-1.45,-2.27,-0.28,2.73,2.07,1.43,-0.53,8.04,22.18
PRT,0.52,0.96,2.64,5.07,4.9,2.28,4.77,-6.34,3.02,5.82,3.72,-0.64,-1.89,-3.26,-2.68,3.34,2.67,0.02,-4.18,8.87,23.0
PRY,19.89,26.46,5.78,8.98,7.11,3.68,12.98,-0.32,6.55,12.63,3.29,0.49,2.85,1.94,4.97,3.21,2.7,1.42,2.74,8.64,16.32
ROU,23.05,19.52,19.1,7.61,6.7,6.37,12.69,2.52,4.37,7.1,5.41,2.09,-0.12,-1.84,-1.79,3.47,5.03,3.95,0.0,14.9,47.93
RUS,10.44,16.38,23.36,20.57,12.41,14.09,21.42,-7.19,12.22,17.51,6.36,3.56,6.13,13.82,4.32,7.64,12.15,1.98,-3.76,24.47,19.96
SGP,-6.91,-0.76,4.57,5.67,2.36,-1.56,3.43,-13.45,1.74,5.34,0.35,-3.07,-3.41,-9.16,-5.5,3.83,4.41,-3.32,-6.92,15.22,22.02
SLV,-2.01,2.99,6.55,9.07,4.75,4.74,16.59,-11.64,2.95,6.05,4.06,0.85,1.01,-0.11,-0.89,1.27,1.57,0.94,-0.21,3.09,5.62
SRB,10.68,5.89,9.55,11.91,12.16,6.24,13.03,5.55,12.7,14.75,5.58,3.08,0.93,0.29,-0.42,3.17,2.23,0.63,-1.19,8.62,15.98
SVK,2.07,6.3,1.83,3.49,3.26,-1.19,2.21,-6.95,0.53,4.6,1.74,-0.99,-3.42,-2.89,-3.98,2.43,2.52,1.91,-1.52,6.8,29.48
SVN,3.61,1.22,2.58,1.88,2.25,4.19,3.84,-1.33,2.14,4.53,0.87,0.02,-0.61,-0.22,-1.36,2.15,2.07,0.68,-0.24,5.54,19.1
SWE,-0.07,0.0,0.7,3.99,5.08,3.69,4.36,1.14,1.06,0.38,-0.97,-2.8,1.43,0.01,-0.92,5.2,6.6,2.97,-0.25,10.69,22.15
THA,1.67,4.01,6.72,9.18,7.07,3.22,12.42,-3.8,9.41,5.45,1.02,0.31,0.14,-4.11,-1.18,0.7,0.38,-0.96,-1.6,4.72,10.9
TJK,9.35,15.27,16.43,7.54,42.68,21.85,20.83,-3.4,38.45,29.95,14.2,3.89,0.88,4.32,6.71,9.32,2.18,1.79,5.45,3.83,15.21
TUN,3.09,2.36,2.81,4.12,7.33,3.23,11.71,2.88,2.65,5.82,5.11,1.77,2.05,5.05,1.41,4.6,7.94,5.98,1.86,9.27,10.78
TUR,50.11,22.67,14.56,5.89,8.3,6.31,12.72,1.23,8.52,11.09,6.09,4.48,10.25,5.28,4.3,15.82,27.01,17.56,12.14,43.86,130.85
UKR,3.05,7.71,20.32,16.71,9.49,19.48,35.56,6.59,20.88,19.0,3.65,-0.05,17.17,35.69,20.92,26.45,17.58,4.14,-1.88,40.82,61.05
URY,31.93,38.92,14.69,-2.57,5.92,11.81,16.94,2.11,7.61,15.93,6.43,3.94,10.41,6.83,3.35,1.67,9.67,12.78,10.46,14.42,14.19
USA,-2.29,5.35,6.18,7.32,4.67,4.8,9.81,-8.84,4.48,3.87,1.86,1.36,1.58,-0.87,0.42,2.33,2.9,1.69,-2.12,8.95,7.91
ZAF,0.22,-1.23,7.66,6.04,6.14,2.29,8.08,-5.5,7.08,8.91,4.47,6.0,7.4,3.61,7.08,4.88,5.45,4.62,2.49,7.12,14.36
